game_id,season,round,date,ts,home,away,played,kickoff_hour,weekday,evening,month,ramadan,rest_h,rest_a,rest_diff,rest_min,cong_h,cong_a,cong_sum,cong_diff,travel_a,temp,rh,heat
4214722,142,3,2024-09-20,1726839000.0,Baniyas,Ajman Club,True,17.5,4,0.0,9,0.0,,,,,0,0,0,0,151.37289353465897,34.6,46.0,38.333111566559985
4214727,142,3,2024-09-20,1726848000.0,Dubba Al Husun,Al Bataeh,True,20.0,4,1.0,9,0.0,,,,,0,0,0,0,66.7650850231178,34.2,47.0,37.82905292608005
4214724,142,3,2024-09-21,1726925400.0,Sharjah SC,Jazira Abu Dhabi,True,17.5,5,0.0,9,0.0,,,,,0,0,0,0,144.65502103751098,34.1,54.0,40.04999283382001
4214725,142,3,2024-09-21,1726934400.0,Al Wasl,Al Nasr Dubai,True,20.0,5,1.0,9,0.0,,,,,0,0,0,0,0.0,33.0,62.0,40.250462716000065
4214723,142,3,2024-09-22,1727011800.0,Shabab Al Ahly,Al-Wahda,True,17.5,6,0.0,9,0.0,,,,,0,0,0,0,122.88942684564469,34.6,57.0,42.54259620591999
4214728,142,3,2024-09-22,1727011800.0,Al Urooba,Khor Fakkan,True,17.5,6,0.0,9,0.0,,,,,0,0,0,0,23.447301995556717,33.9,63.0,43.177002587439986
4215750,142,4,2024-09-26,1727356800.0,Al Bataeh,Sharjah SC,True,17.333333333333332,3,0.0,9,0.0,5.888888888888889,4.993055555555555,0.8958333333333339,4.993055555555555,1,1,2,0,34.77443094856482,35.7,51.0,42.81635792344001
4215751,142,4,2024-09-26,1727366400.0,Al Ain,Al Wasl,True,20.0,3,1.0,9,0.0,,5.0,,5.0,0,1,1,-1,120.78592526603711,34.8,49.0,39.82858511567999
4215747,142,4,2024-09-27,1727443200.0,Ajman Club,Dubba Al Husun,True,17.333333333333332,4,0.0,9,0.0,6.993055555555555,6.888888888888889,0.10416666666666607,6.888888888888889,1,1,2,0,79.93899848141494,34.0,60.0,42.17654959600005
4215749,142,4,2024-09-27,1727443200.0,Al Urooba,Shabab Al Ahly,True,17.333333333333332,4,0.0,9,0.0,4.993055555555555,4.993055555555555,0.0,4.993055555555555,1,1,2,0,106.58049788296492,32.6,71.0,42.62329522815998
4215748,142,4,2024-09-27,1727452800.0,Al-Wahda,Baniyas,True,20.0,4,1.0,9,0.0,5.104166666666667,7.104166666666667,-2.0,5.104166666666667,1,1,2,0,30.482032492310047,31.8,81.0,44.06276333104002
4215752,142,4,2024-09-28,1727529600.0,Khor Fakkan,Kalba,True,17.333333333333332,5,0.0,9,0.0,5.993055555555555,,,5.993055555555555,1,0,1,1,32.16764527428605,32.8,69.0,42.423479618080066
4215753,142,4,2024-09-28,1727539200.0,Jazira Abu Dhabi,Al Nasr Dubai,True,20.0,5,1.0,9,0.0,7.104166666666667,7.0,0.10416666666666696,7.0,1,1,2,0,122.88942684564469,32.6,72.0,43.03782701871998
4215754,142,5,2024-10-05,1728133800.0,Al Nasr Dubai,Ajman Club,True,17.166666666666668,5,0.0,10,0.0,6.881944444444445,7.993055555555555,-1.1111111111111107,6.881944444444445,2,2,4,0,33.049645394573034,33.9,45.0,36.61504173015999
4215755,142,5,2024-10-05,1728133800.0,Dubba Al Husun,Jazira Abu Dhabi,True,17.166666666666668,5,0.0,10,0.0,7.993055555555555,6.881944444444445,1.1111111111111107,6.881944444444445,2,2,4,0,230.89301148869538,34.3,56.0,41.33132934453996
4215756,142,5,2024-10-05,1728143100.0,Kalba,Al Bataeh,True,19.75,5,1.0,10,0.0,7.100694444444445,9.100694444444445,-2.0,7.100694444444445,1,2,3,-1,64.35652878671281,32.3,67.0,40.17759877608003
4215757,142,5,2024-10-05,1728143100.0,Al Wasl,Khor Fakkan,True,19.75,5,1.0,10,0.0,8.989583333333334,7.100694444444445,1.8888888888888893,7.100694444444445,2,2,4,0,108.74343410258551,32.4,50.0,35.11235682256001
4215758,142,5,2024-10-06,1728220200.0,Baniyas,Shabab Al Ahly,True,17.166666666666668,6,0.0,10,0.0,8.881944444444445,8.993055555555555,-0.11111111111111072,8.881944444444445,2,2,4,0,119.15268356769897,33.8,46.0,36.714063179040025
4215759,142,5,2024-10-06,1728229500.0,Al Ain,Al-Wahda,True,19.75,6,1.0,10,0.0,9.989583333333334,8.989583333333334,1.0,8.989583333333334,1,2,3,-1,141.22591256255774,31.3,50.0,33.12229298614002
4215760,142,5,2024-10-06,1728229500.0,Sharjah SC,Al Urooba,True,19.75,6,1.0,10,0.0,10.100694444444445,9.100694444444445,1.0,9.100694444444445,2,2,4,0,94.24208027502239,31.1,59.0,34.80728525992003
4224199,142,6,2024-10-25,1729860900.0,Al Ain,Dubba Al Husun,True,16.916666666666668,4,0.0,10,0.0,18.881944444444443,19.989583333333332,-1.1076388888888893,18.881944444444443,1,1,2,0,165.8499799856864,35.5,27.0,34.76514070600001
4224403,142,6,2024-10-25,1729870200.0,Al-Wahda,Kalba,True,19.5,4,1.0,10,0.0,18.989583333333332,19.989583333333332,-1.0,18.989583333333332,1,1,2,0,209.93715212664128,31.1,65.0,36.396869420560066
4225051,142,6,2024-10-26,1729947300.0,Al Urooba,Baniyas,True,16.916666666666668,5,0.0,10,0.0,19.881944444444443,19.989583333333332,-0.10763888888888928,19.881944444444443,1,1,2,0,194.30374686689535,32.8,63.0,40.08585764176004
4225052,142,6,2024-10-26,1729956600.0,Jazira Abu Dhabi,Khor Fakkan,True,19.5,5,1.0,10,0.0,21.09722222222222,20.989583333333332,0.10763888888888928,20.989583333333332,0,1,1,-1,221.26241682966656,31.0,55.0,33.665811936
4225053,142,6,2024-10-26,1729956600.0,Ajman Club,Al Wasl,True,19.5,5,1.0,10,0.0,21.09722222222222,20.989583333333332,0.10763888888888928,20.989583333333332,0,1,1,-1,33.049645394573034,30.6,62.0,34.481696799520066
4225855,142,6,2024-10-27,1730033700.0,Al Bataeh,Al Nasr Dubai,True,16.916666666666668,6,0.0,10,0.0,21.881944444444443,21.989583333333332,-0.10763888888888928,21.881944444444443,0,0,0,0,48.46379237088114,32.3,43.0,33.308087476560004
4225856,142,6,2024-10-27,1730043000.0,Shabab Al Ahly,Sharjah SC,True,19.5,6,1.0,10,0.0,21.09722222222222,20.989583333333332,0.10763888888888928,20.989583333333332,0,1,1,-1,21.80240372599536,30.6,67.0,35.734606206720066
4248779,142,7,2024-10-31,1730379000.0,Baniyas,Sharjah SC,True,16.833333333333332,3,0.0,10,0.0,4.996527777777778,3.888888888888889,1.1076388888888888,3.888888888888889,1,1,2,0,140.63129344950875,32.0,47.0,33.672259876
4248783,142,7,2024-10-31,1730388600.0,Al Wasl,Jazira Abu Dhabi,True,19.5,3,1.0,10,0.0,5.0,5.0,0.0,5.0,1,1,2,0,122.88942684564469,29.4,69.0,33.41586993232003
4248780,142,7,2024-11-01,1730465400.0,Kalba,Al Urooba,True,16.833333333333332,4,0.0,11,0.0,6.888888888888889,5.996527777777778,0.8923611111111116,5.996527777777778,1,1,2,0,9.076117665691733,29.0,74.0,33.494488924000066
4248782,142,7,2024-11-01,1730475000.0,Al Nasr Dubai,Al-Wahda,True,19.5,4,1.0,11,0.0,5.107638888888889,7.0,-1.8923611111111107,5.107638888888889,1,1,2,0,122.88942684564469,29.3,68.0,32.99740100686007
4248784,142,7,2024-11-02,1730551800.0,Khor Fakkan,Dubba Al Husun,True,16.833333333333332,5,0.0,11,0.0,6.888888888888889,7.996527777777778,-1.1076388888888884,6.888888888888889,1,1,2,0,31.930491219833446,30.0,65.0,33.88215489999998
4248785,142,7,2024-11-02,1730561400.0,Ajman Club,Al Bataeh,True,19.5,5,1.0,11,0.0,7.0,6.107638888888889,0.8923611111111107,6.107638888888889,1,1,2,0,29.365692916051344,28.7,71.0,32.25339880503999
4290694,142,8,2024-11-10,1731242700.0,Al Urooba,Al Ain,False,16.75,6,0.0,11,0.0,8.996527777777779,15.993055555555555,-6.996527777777777,8.996527777777779,2,1,3,1,118.1135384962476,30.4,43.0,30.560985486240035
4290695,142,8,2024-11-10,1731242700.0,Shabab Al Ahly,Kalba,False,16.75,6,0.0,11,0.0,13.885416666666666,8.996527777777779,4.8888888888888875,8.996527777777779,1,2,3,-1,110.0000751726705,29.8,61.0,32.64707659344002
4290696,142,8,2024-11-10,1731252600.0,Sharjah SC,Al Nasr Dubai,False,19.5,6,1.0,11,0.0,10.11111111111111,9.0,1.1111111111111107,9.0,2,2,4,0,21.80240372599536,28.1,70.0,30.86129775606001
4248789,142,8,2024-11-21,1732192800.0,Al Bataeh,Khor Fakkan,True,16.666666666666668,3,0.0,11,0.0,18.881944444444443,18.993055555555557,-0.11111111111111427,18.881944444444443,1,1,2,0,60.336819863162454,28.3,52.0,28.995490948379974
4248791,142,8,2024-11-21,1732203000.0,Al Urooba,Al Ain,True,19.5,3,1.0,11,0.0,11.114583333333334,11.114583333333334,0.0,11.114583333333334,2,1,3,1,118.1135384962476,26.2,53.0,26.2
4248790,142,8,2024-11-22,1732279200.0,Shabab Al Ahly,Kalba,True,16.666666666666668,4,0.0,11,0.0,11.996527777777779,11.996527777777779,0.0,11.996527777777779,1,2,3,-1,110.0000751726705,28.4,68.0,31.15950235984
4248792,142,8,2024-11-22,1732279200.0,Sharjah SC,Al Nasr Dubai,True,16.666666666666668,4,0.0,11,0.0,11.881944444444445,11.881944444444445,0.0,11.881944444444445,1,2,3,-1,21.80240372599536,28.4,66.0,30.868517870560023
4248788,142,8,2024-11-22,1732289400.0,Al-Wahda,Al Wasl,True,19.5,4,1.0,11,0.0,21.0,22.0,-1.0,21.0,1,0,1,1,122.88942684564469,27.1,77.0,29.66927318872002
4248786,142,8,2024-11-23,1732365600.0,Dubba Al Husun,Baniyas,True,16.666666666666668,5,0.0,11,0.0,20.993055555555557,22.993055555555557,-2.0,20.993055555555557,1,0,1,1,220.97731339202747,27.7,70.0,30.096950669340007
4248787,142,8,2024-11-23,1732375800.0,Jazira Abu Dhabi,Ajman Club,True,19.5,5,1.0,11,0.0,23.0,21.0,2.0,21.0,0,1,1,-1,155.93896532239575,26.9,68.0,26.9
4289100,142,9,2024-12-07,1733575500.0,Al-Wahda,Al Urooba,True,16.75,5,0.0,12,0.0,14.885416666666666,15.885416666666666,-1.0,14.885416666666666,1,1,2,0,210.58838723618166,26.4,59.0,26.4
4289098,142,9,2024-12-07,1733585400.0,Al Ain,Baniyas,True,19.5,5,1.0,12,0.0,16.0,14.118055555555555,1.8819444444444446,14.118055555555555,1,1,2,0,113.52496443493267,23.7,59.0,23.7
4289102,142,9,2024-12-07,1733585400.0,Kalba,Jazira Abu Dhabi,True,19.5,5,1.0,12,0.0,15.118055555555555,14.0,1.1180555555555554,14.0,1,1,2,0,209.93715212664128,23.6,70.0,23.6
4289099,142,9,2024-12-08,1733661900.0,Khor Fakkan,Shabab Al Ahly,True,16.75,6,0.0,12,0.0,17.00347222222222,16.00347222222222,1.0,16.00347222222222,1,1,2,0,108.74343410258551,24.9,40.0,24.9
4289101,142,9,2024-12-08,1733661900.0,Al Wasl,Al Bataeh,True,16.75,6,0.0,12,0.0,15.885416666666666,17.00347222222222,-1.1180555555555554,15.885416666666666,1,1,2,0,48.46379237088114,27.7,43.0,27.603280912560038
4289103,142,9,2024-12-08,1733671800.0,Al Nasr Dubai,Dubba Al Husun,True,19.5,6,1.0,12,0.0,16.118055555555557,15.118055555555555,1.0000000000000018,15.118055555555555,1,1,2,0,110.80769283792053,24.4,33.0,24.4
4289104,142,9,2024-12-08,1733671800.0,Ajman Club,Sharjah SC,True,19.5,6,1.0,12,0.0,15.0,16.118055555555557,-1.1180555555555571,15.0,1,1,2,0,11.385555144493688,23.8,32.0,23.8
4214726,142,3,2024-12-11,1733931000.0,Kalba,Al Ain,True,19.5,2,1.0,12,0.0,4.0,4.0,0.0,4.0,2,2,4,0,111.89074474711185,21.9,50.0,21.9
4289272,142,10,2024-12-14,1734180300.0,Baniyas,Al Bataeh,True,16.75,5,0.0,12,0.0,6.885416666666667,6.0,0.885416666666667,6.0,1,1,2,0,154.359089495672,23.6,47.0,23.6
4289275,142,10,2024-12-14,1734180300.0,Al Urooba,Ajman Club,True,16.75,5,0.0,12,0.0,7.0,5.885416666666667,1.114583333333333,5.885416666666667,1,2,3,-1,87.32927881501558,26.7,32.0,26.7
4289273,142,10,2024-12-14,1734190200.0,Sharjah SC,Al-Wahda,True,19.5,5,1.0,12,0.0,6.0,7.114583333333333,-1.114583333333333,6.0,1,1,2,0,144.65502103751098,23.3,45.0,23.3
4289271,142,10,2024-12-15,1734266700.0,Al Nasr Dubai,Khor Fakkan,True,16.75,6,0.0,12,0.0,6.885416666666667,7.0,-0.11458333333333304,6.885416666666667,1,1,2,0,108.74343410258551,22.8,55.0,22.8
4289274,142,10,2024-12-15,1734266700.0,Dubba Al Husun,Kalba,True,16.75,6,0.0,12,0.0,6.885416666666667,3.8854166666666665,3.0000000000000004,3.8854166666666665,1,2,3,-1,63.807756596710306,24.9,51.0,24.9
4289270,142,10,2024-12-15,1734276600.0,Jazira Abu Dhabi,Al Ain,True,19.5,6,1.0,12,0.0,8.0,4.0,4.0,4.0,1,2,3,-1,141.22591256255774,21.4,63.0,21.4
4289269,142,10,2024-12-17,1734449400.0,Shabab Al Ahly,Al Wasl,True,19.5,1,1.0,12,0.0,9.114583333333334,9.114583333333334,0.0,9.114583333333334,1,1,2,0,0.0,22.4,51.0,22.4
4289262,142,11,2025-01-05,1736081700.0,Shabab Al Ahly,Al Nasr Dubai,True,16.916666666666668,6,0.0,1,0.0,18.89236111111111,21.006944444444443,-2.114583333333332,18.89236111111111,1,0,1,1,0.0,21.4,47.0,21.4
4289268,142,11,2025-01-05,1736081700.0,Al Bataeh,Jazira Abu Dhabi,True,16.916666666666668,6,0.0,1,0.0,22.006944444444443,20.89236111111111,1.1145833333333321,20.89236111111111,0,1,1,-1,164.3730145365302,21.3,42.0,21.3
4289265,142,11,2025-01-05,1736091900.0,Al Ain,Sharjah SC,True,19.75,6,1.0,1,0.0,21.010416666666668,22.010416666666668,-1.0,21.010416666666668,0,0,0,0,130.78020389360105,17.3,53.0,17.3
4289267,142,11,2025-01-05,1736091900.0,Kalba,Ajman Club,True,19.75,6,1.0,1,0.0,21.125,22.125,-1.0,21.125,0,0,0,0,92.94223838685208,18.6,51.0,18.6
4289266,142,11,2025-01-06,1736168100.0,Khor Fakkan,Baniyas,True,16.916666666666668,0,0.0,1,0.0,22.006944444444443,23.006944444444443,-1.0,22.006944444444443,0,0,0,0,207.54593983049315,21.5,43.0,21.5
4289263,142,11,2025-01-06,1736178300.0,Al Wasl,Al Urooba,True,19.75,0,1.0,1,0.0,20.010416666666668,23.125,-3.114583333333332,20.010416666666668,1,0,1,1,106.58049788296492,21.0,42.0,21.0
4289264,142,11,2025-01-06,1736178300.0,Al-Wahda,Dubba Al Husun,True,19.75,0,1.0,1,0.0,23.010416666666668,22.125,0.8854166666666679,22.125,0,0,0,0,230.89301148869538,19.7,69.0,19.7
4295082,142,12,2025-01-10,1736514300.0,Al Bataeh,Al Urooba,True,17.083333333333332,4,0.0,1,0.0,5.006944444444445,3.888888888888889,1.1180555555555558,3.888888888888889,1,1,2,0,59.55285092684072,23.1,46.0,23.1
4295083,142,12,2025-01-10,1736514300.0,Al Nasr Dubai,Kalba,True,17.083333333333332,4,0.0,1,0.0,5.006944444444445,4.888888888888889,0.11805555555555536,4.888888888888889,1,1,2,0,110.0000751726705,22.4,59.0,22.4
4248781,142,7,2025-01-10,1736523900.0,Al Ain,Shabab Al Ahly,True,19.75,4,1.0,1,0.0,5.0,5.118055555555555,-0.11805555555555536,5.0,1,1,2,0,120.78592526603711,20.3,39.0,20.3
4295080,142,12,2025-01-11,1736600700.0,Sharjah SC,Khor Fakkan,True,17.083333333333332,5,0.0,1,0.0,5.888888888888889,5.006944444444445,0.8819444444444446,5.006944444444445,1,1,2,0,92.56812333729964,23.5,56.0,23.5
4295081,142,12,2025-01-11,1736600700.0,Baniyas,Al Wasl,True,17.083333333333332,5,0.0,1,0.0,5.006944444444445,4.888888888888889,0.11805555555555536,4.888888888888889,1,1,2,0,119.15268356769897,26.5,22.0,26.5
4295079,142,12,2025-01-11,1736610300.0,Jazira Abu Dhabi,Al-Wahda,True,19.75,5,1.0,1,0.0,6.118055555555555,5.0,1.1180555555555554,5.0,1,1,2,0,0.0,20.7,74.0,20.7
4295078,142,12,2025-01-15,1736946300.0,Ajman Club,Al Ain,True,17.083333333333332,2,0.0,1,0.0,9.88888888888889,4.888888888888889,5.0,4.888888888888889,1,2,3,-1,135.20538981213303,22.9,56.0,22.9
4295076,142,13,2025-01-21,1737464700.0,Shabab Al Ahly,Jazira Abu Dhabi,True,17.083333333333332,1,0.0,1,0.0,10.88888888888889,9.88888888888889,1.0,9.88888888888889,2,2,4,0,122.88942684564469,21.3,44.0,21.3
4295077,142,13,2025-01-21,1737464700.0,Khor Fakkan,Ajman Club,True,17.083333333333332,1,0.0,1,0.0,10.0,6.0,4.0,6.0,2,2,4,0,83.55166966611917,21.1,40.0,21.1
4295075,142,13,2025-01-21,1737475200.0,Al Ain,Al Nasr Dubai,True,20.0,1,1.0,1,0.0,6.121527777777778,11.121527777777779,-5.000000000000001,6.121527777777778,3,2,5,1,120.78592526603711,15.8,64.0,15.8
4295074,142,13,2025-01-22,1737551100.0,Kalba,Baniyas,True,17.083333333333332,2,0.0,1,0.0,12.0,11.0,1.0,11.0,2,2,4,0,192.5196162331606,21.5,32.0,21.5
4295073,142,13,2025-01-22,1737561600.0,Al Wasl,Sharjah SC,True,20.0,2,1.0,1,0.0,11.121527777777779,11.121527777777779,0.0,11.121527777777779,2,2,4,0,21.80240372599536,20.8,43.0,20.8
4295072,142,13,2025-01-23,1737637500.0,Al Urooba,Dubba Al Husun,True,17.083333333333332,3,0.0,1,0.0,13.0,16.88888888888889,-3.8888888888888893,13.0,2,1,3,1,54.84079974195756,20.8,32.0,20.8
4295071,142,13,2025-01-23,1737648000.0,Al-Wahda,Al Bataeh,True,20.0,3,1.0,1,0.0,12.010416666666666,13.121527777777779,-1.1111111111111125,12.010416666666666,2,2,4,0,164.3730145365302,20.0,58.0,20.0
4295069,142,14,2025-01-30,1738242900.0,Al Bataeh,Shabab Al Ahly,True,17.25,3,0.0,1,0.0,6.885416666666667,9.006944444444445,-2.1215277777777777,6.885416666666667,2,2,4,0,48.46379237088114,23.2,39.0,23.2
4295070,142,14,2025-01-30,1738242900.0,Khor Fakkan,Al Ain,True,17.25,3,0.0,1,0.0,9.006944444444445,8.885416666666666,0.12152777777777857,8.885416666666666,2,3,5,-1,139.5420000257906,22.5,53.0,22.5
4295067,142,14,2025-01-30,1738252800.0,Al Wasl,Kalba,True,20.0,3,1.0,1,0.0,8.0,8.121527777777779,-0.12152777777777857,8.0,2,2,4,0,110.0000751726705,21.1,61.0,21.1
4295066,142,14,2025-01-31,1738329300.0,Ajman Club,Al-Wahda,True,17.25,4,0.0,1,0.0,10.006944444444445,7.885416666666667,2.1215277777777777,7.885416666666667,2,2,4,0,155.93896532239575,22.1,39.0,22.1
4295068,142,14,2025-01-31,1738329300.0,Sharjah SC,Dubba Al Husun,True,17.25,4,0.0,1,0.0,8.885416666666666,8.006944444444445,0.8784722222222214,8.006944444444445,2,1,3,1,90.85826290482632,21.8,41.0,21.8
4295064,142,14,2025-01-31,1738339200.0,Jazira Abu Dhabi,Baniyas,True,20.0,4,1.0,1,0.0,10.121527777777779,9.121527777777779,1.0,9.121527777777779,2,2,4,0,30.482032492310047,19.8,59.0,19.8
4295065,142,14,2025-01-31,1738339200.0,Al Nasr Dubai,Al Urooba,True,20.0,4,1.0,1,0.0,10.0,8.121527777777779,1.8784722222222214,8.121527777777779,1,1,2,0,106.58049788296492,19.9,54.0,19.9
4295063,142,12,2025-02-04,1738674900.0,Dubba Al Husun,Shabab Al Ahly,True,17.25,1,0.0,2,0.0,4.0,5.0,-1.0,4.0,2,2,4,0,110.80769283792053,23.6,31.0,23.6
4295061,142,15,2025-02-06,1738857600.0,Kalba,Sharjah SC,True,20.0,3,1.0,2,0.0,7.0,6.114583333333333,0.885416666666667,6.114583333333333,2,2,4,0,99.11603406020953,21.8,74.0,21.8
4295062,142,15,2025-02-07,1738944000.0,Al Urooba,Jazira Abu Dhabi,True,20.0,4,1.0,2,0.0,7.0,7.0,0.0,7.0,2,2,4,0,210.58838723618166,21.2,82.0,21.2
4295058,142,15,2025-02-08,1739020800.0,Al Ain,Al Bataeh,True,17.333333333333332,5,0.0,2,0.0,9.003472222222221,9.003472222222221,0.0,9.003472222222221,2,2,4,0,115.9219468771036,26.0,44.0,26.0
4295057,142,15,2025-02-08,1739030400.0,Shabab Al Ahly,Ajman Club,True,20.0,5,1.0,2,0.0,4.114583333333333,8.114583333333334,-4.000000000000001,4.114583333333333,3,2,5,1,33.049645394573034,20.9,88.0,20.9
4295059,142,15,2025-02-08,1739030400.0,Al-Wahda,Khor Fakkan,True,20.0,5,1.0,2,0.0,8.114583333333334,9.114583333333334,-1.0,8.114583333333334,2,2,4,0,221.26241682966656,19.7,83.0,19.7
4295060,142,15,2025-02-09,1739107200.0,Dubba Al Husun,Al Wasl,True,17.333333333333332,6,0.0,2,0.0,5.003472222222222,9.88888888888889,-4.885416666666667,5.003472222222222,3,2,5,1,110.80769283792053,24.6,25.0,24.6
4295056,142,15,2025-02-09,1739116800.0,Baniyas,Al Nasr Dubai,True,20.0,6,1.0,2,0.0,9.0,9.0,0.0,9.0,2,2,4,0,119.15268356769897,18.1,63.0,18.1
4352237,142,16,2025-02-13,1739453100.0,Khor Fakkan,Al Urooba,True,17.416666666666668,3,0.0,2,0.0,4.892361111111111,5.892361111111111,-1.0,4.892361111111111,2,2,4,0,23.447301995556717,25.2,61.0,25.2
4352238,142,16,2025-02-13,1739462400.0,Al Ain,Kalba,True,20.0,3,1.0,2,0.0,5.111111111111111,7.0,-1.8888888888888893,5.111111111111111,2,2,4,0,111.89074474711185,27.1,29.0,26.44380905752001
4352236,142,16,2025-02-14,1739539500.0,Ajman Club,Baniyas,True,17.416666666666668,4,0.0,2,0.0,5.892361111111111,4.892361111111111,1.0,4.892361111111111,2,2,4,0,151.37289353465897,24.6,60.0,24.6
4352239,142,16,2025-02-14,1739539500.0,Al Bataeh,Dubba Al Husun,True,17.416666666666668,4,0.0,2,0.0,6.003472222222222,5.003472222222222,1.0,5.003472222222222,2,3,5,-1,66.7650850231178,26.6,36.0,26.6
4352235,142,16,2025-02-14,1739548800.0,Al Nasr Dubai,Al Wasl,True,20.0,4,1.0,2,0.0,5.0,5.111111111111111,-0.11111111111111072,5.0,2,2,4,0,0.0,22.5,71.0,22.5
4352240,142,17,2025-02-22,1740231000.0,Dubba Al Husun,Ajman Club,True,17.5,5,0.0,2,0.0,8.003472222222221,8.003472222222221,0.0,8.003472222222221,3,2,5,1,79.93899848141494,24.1,71.0,24.1
4352241,142,17,2025-02-22,1740231000.0,Kalba,Khor Fakkan,True,17.5,5,0.0,2,0.0,8.895833333333334,9.003472222222221,-0.10763888888888751,8.895833333333334,2,2,4,0,32.16764527428605,23.6,60.0,23.6
4352242,142,17,2025-02-22,1740240900.0,Al Wasl,Al Ain,True,20.25,5,1.0,2,0.0,8.010416666666666,9.010416666666666,-1.0,8.010416666666666,2,2,4,0,120.78592526603711,22.3,58.0,22.3
4352689,142,17,2025-02-23,1740317400.0,Shabab Al Ahly,Al Urooba,True,17.5,6,0.0,2,0.0,14.895833333333334,10.003472222222221,4.8923611111111125,10.003472222222221,2,2,4,0,106.58049788296492,27.3,56.0,28.147614579339987
4352690,142,17,2025-02-23,1740317400.0,Sharjah SC,Al Bataeh,True,17.5,6,0.0,2,0.0,16.895833333333332,9.003472222222221,7.892361111111111,9.003472222222221,1,2,3,-1,34.77443094856482,26.2,62.0,26.2
4352687,142,17,2025-02-23,1740327300.0,Baniyas,Al-Wahda,True,20.25,6,1.0,2,0.0,9.118055555555555,15.010416666666666,-5.892361111111111,9.118055555555555,2,1,3,1,30.482032492310047,30.1,30.0,28.845798757660006
4352688,142,17,2025-02-23,1740327300.0,Al Nasr Dubai,Jazira Abu Dhabi,True,20.25,6,1.0,2,0.0,9.010416666666666,16.010416666666668,-7.000000000000002,9.010416666666666,2,1,3,1,122.88942684564469,26.2,52.0,26.2
4352685,142,18,2025-02-26,1740586500.0,Khor Fakkan,Al Wasl,True,20.25,2,1.0,2,0.0,4.114583333333333,4.0,0.11458333333333304,4.0,3,3,6,0,108.74343410258551,20.9,45.0,20.9
4352686,142,18,2025-02-27,1740663300.0,Al Bataeh,Kalba,True,17.583333333333332,3,0.0,2,0.0,4.003472222222222,5.003472222222222,-1.0,4.003472222222222,3,3,6,0,64.35652878671281,19.3,63.0,19.3
4352682,142,18,2025-02-27,1740672900.0,Ajman Club,Al Nasr Dubai,True,20.25,3,1.0,2,0.0,5.114583333333333,4.0,1.114583333333333,4.0,3,3,6,0,33.049645394573034,19.8,58.0,19.8
4352683,142,18,2025-02-27,1740672900.0,Al-Wahda,Al Ain,True,20.25,3,1.0,2,0.0,4.0,5.0,-1.0,4.0,2,3,5,-1,141.22591256255774,18.7,72.0,18.7
4352681,142,18,2025-02-28,1740749700.0,Jazira Abu Dhabi,Dubba Al Husun,True,17.583333333333332,4,0.0,2,0.0,4.888888888888889,6.003472222222222,-1.114583333333333,4.888888888888889,2,3,5,-1,230.89301148869538,19.5,60.0,19.5
4352684,142,18,2025-02-28,1740749700.0,Al Urooba,Sharjah SC,True,17.583333333333332,4,0.0,2,0.0,5.003472222222222,5.003472222222222,0.0,5.003472222222222,3,1,4,2,94.24208027502239,22.6,31.0,22.6
4352680,142,18,2025-02-28,1740759300.0,Shabab Al Ahly,Baniyas,True,20.25,4,1.0,2,0.0,5.114583333333333,5.0,0.11458333333333304,5.0,2,3,5,-1,119.15268356769897,19.9,58.0,19.9
4352677,142,19,2025-03-27,1743098400.0,Al Nasr Dubai,Al Bataeh,True,22.0,3,1.0,3,1.0,28.072916666666668,28.18402777777778,-0.11111111111111072,28.072916666666668,0,0,0,0,48.46379237088114,22.0,81.0,22.0
4352678,142,19,2025-03-27,1743098400.0,Baniyas,Al Urooba,True,22.0,3,1.0,3,1.0,27.072916666666668,27.18402777777778,-0.11111111111111072,27.072916666666668,0,0,0,0,194.30374686689535,21.2,81.0,21.2
4352673,142,19,2025-03-28,1743184800.0,Sharjah SC,Shabab Al Ahly,True,22.0,4,1.0,3,1.0,28.18402777777778,28.072916666666668,0.11111111111111072,28.072916666666668,0,0,0,0,21.80240372599536,24.8,32.0,24.8
4352675,142,19,2025-03-28,1743184800.0,Al Wasl,Ajman Club,True,22.0,4,1.0,3,1.0,30.0,29.072916666666668,0.9270833333333321,29.072916666666668,0,0,0,0,33.049645394573034,23.3,59.0,23.3
4352679,142,19,2025-03-28,1743184800.0,Khor Fakkan,Jazira Abu Dhabi,True,22.0,4,1.0,3,1.0,30.0,28.18402777777778,1.8159722222222214,28.18402777777778,0,0,0,0,221.26241682966656,23.0,50.0,23.0
4352674,142,19,2025-03-29,1743271200.0,Dubba Al Husun,Al Ain,True,22.0,5,1.0,3,1.0,29.18402777777778,30.0,-0.8159722222222214,29.18402777777778,0,0,0,0,165.8499799856864,24.4,76.0,24.4
4352676,142,19,2025-03-29,1743271200.0,Kalba,Al-Wahda,True,22.0,5,1.0,3,1.0,30.0,30.0,0.0,30.0,0,0,0,0,209.93715212664128,22.8,70.0,22.8
4352669,142,20,2025-04-04,1743774600.0,Dubba Al Husun,Khor Fakkan,True,17.833333333333332,4,0.0,4,0.0,5.826388888888889,6.826388888888889,-1.0,5.826388888888889,1,1,2,0,31.930491219833446,30.5,57.0,33.161848066000026
4352670,142,20,2025-04-04,1743784200.0,Al-Wahda,Al Nasr Dubai,True,20.5,4,1.0,4,0.0,5.9375,7.9375,-2.0,5.9375,1,1,2,0,122.88942684564469,31.7,21.0,29.752764448240004
4352667,142,20,2025-04-05,1743861000.0,Al Urooba,Kalba,True,17.833333333333332,5,0.0,4,0.0,8.82638888888889,6.826388888888889,2.0,6.826388888888889,1,1,2,0,9.076117665691733,33.4,27.0,32.073651747520024
4352666,142,20,2025-04-05,1743870600.0,Al Bataeh,Ajman Club,True,20.5,5,1.0,4,0.0,8.9375,7.9375,1.0,7.9375,1,1,2,0,29.365692916051344,29.0,28.0,27.764854872000022
4352665,142,20,2025-04-07,1744033800.0,Jazira Abu Dhabi,Al Wasl,True,17.833333333333332,0,0.0,4,0.0,9.82638888888889,9.82638888888889,0.0,9.82638888888889,1,1,2,0,122.88942684564469,29.3,52.0,30.32822983758004
4352671,142,20,2025-04-07,1744043400.0,Shabab Al Ahly,Al Ain,True,20.5,0,1.0,4,0.0,9.9375,8.9375,1.0,8.9375,1,1,2,0,120.78592526603711,27.7,58.0,28.822696380060034
4398455,142,21,2025-04-11,1744379700.0,Baniyas,Dubba Al Husun,True,17.916666666666668,4,0.0,4,0.0,14.82986111111111,7.003472222222222,7.826388888888888,7.003472222222222,1,2,3,-1,220.97731339202747,33.2,19.0,31.06898423088002
4398456,142,21,2025-04-11,1744379700.0,Ajman Club,Jazira Abu Dhabi,True,17.916666666666668,4,0.0,4,0.0,5.892361111111111,4.003472222222222,1.8888888888888884,4.003472222222222,2,2,4,0,155.93896532239575,28.1,59.0,29.48465400472
4398453,142,21,2025-04-11,1744389000.0,Kalba,Shabab Al Ahly,True,20.5,4,1.0,4,0.0,6.111111111111111,4.0,2.1111111111111107,4.0,2,2,4,0,110.0000751726705,29.0,75.0,33.694295536000055
4398452,142,21,2025-04-12,1744466100.0,Al Ain,Al Urooba,True,17.916666666666668,5,0.0,4,0.0,4.892361111111111,7.003472222222222,-2.1111111111111116,4.892361111111111,2,2,4,0,118.1135384962476,39.7,8.0,36.408775613260005
4398454,142,21,2025-04-12,1744466100.0,Khor Fakkan,Al Bataeh,True,17.916666666666668,5,0.0,4,0.0,8.003472222222221,6.892361111111111,1.1111111111111107,6.892361111111111,2,2,4,0,60.336819863162454,32.4,61.0,38.35382059536004
4398451,142,21,2025-04-12,1744475400.0,Al Wasl,Al-Wahda,True,20.5,5,1.0,4,0.0,5.111111111111111,8.0,-2.8888888888888893,5.111111111111111,2,2,4,0,122.88942684564469,30.0,33.0,28.98893390800002
4398675,142,21,2025-04-18,1744993800.0,Al Nasr Dubai,Sharjah SC,True,20.5,4,1.0,4,0.0,14.0,20.9375,-6.9375,14.0,1,1,2,0,21.80240372599536,24.6,66.0,24.6
4404804,142,22,2025-04-22,1745330100.0,Sharjah SC,Ajman Club,True,17.916666666666668,1,0.0,4,0.0,3.892361111111111,11.0,-7.107638888888889,3.892361111111111,1,2,3,-1,11.385555144493688,30.2,34.0,29.280042790079996
4404805,142,22,2025-04-22,1745330100.0,Al Urooba,Al-Wahda,True,17.916666666666668,1,0.0,4,0.0,10.0,9.89236111111111,0.10763888888888928,9.89236111111111,2,2,4,0,210.58838723618166,33.1,31.0,32.27253534456002
4404802,142,22,2025-04-22,1745340300.0,Dubba Al Husun,Al Nasr Dubai,True,20.75,1,1.0,4,0.0,11.118055555555555,4.010416666666667,7.107638888888888,4.010416666666667,2,2,4,0,110.80769283792053,32.8,25.0,31.16067553104002
4404803,142,22,2025-04-22,1745340300.0,Baniyas,Al Ain,True,20.75,1,1.0,4,0.0,11.118055555555555,10.118055555555555,1.0,10.118055555555555,1,2,3,-1,113.52496443493267,30.5,22.0,28.728491113499988
4404799,142,22,2025-04-23,1745416500.0,Al Bataeh,Al Wasl,True,17.916666666666668,2,0.0,4,0.0,11.0,10.89236111111111,0.10763888888888928,10.89236111111111,2,2,4,0,48.46379237088114,36.2,16.0,33.895158181439996
4404801,142,22,2025-04-23,1745416500.0,Jazira Abu Dhabi,Kalba,True,17.916666666666668,2,0.0,4,0.0,12.0,11.89236111111111,0.10763888888888928,11.89236111111111,2,2,4,0,209.93715212664128,32.3,40.0,32.71430624694002
4404800,142,22,2025-04-23,1745426700.0,Shabab Al Ahly,Khor Fakkan,True,20.75,2,1.0,4,0.0,12.010416666666666,11.118055555555555,0.8923611111111107,11.118055555555555,2,2,4,0,108.74343410258551,29.0,60.0,31.033416856000038
4352668,142,16,2025-04-27,1745762400.0,Jazira Abu Dhabi,Sharjah SC,True,18.0,6,0.0,4,0.0,4.003472222222222,5.003472222222222,-1.0,4.003472222222222,3,2,5,1,144.65502103751098,36.2,20.0,34.425685690240016
4352664,142,16,2025-04-27,1745772300.0,Al-Wahda,Shabab Al Ahly,True,20.75,6,1.0,4,0.0,5.118055555555555,4.0,1.1180555555555554,4.0,2,3,5,-1,122.88942684564469,34.2,22.0,32.382757942080026
4352672,142,20,2025-05-01,1746113400.0,Sharjah SC,Baniyas,True,19.5,3,1.0,5,0.0,4.0625,8.947916666666666,-4.885416666666666,4.0625,3,2,5,1,140.63129344950875,30.7,50.0,32.127913596940026
4404797,142,23,2025-05-03,1746281100.0,Khor Fakkan,Al Nasr Dubai,True,18.08333333333333,5,0.0,5,0.0,9.88888888888889,10.88888888888889,-1.0,9.88888888888889,1,2,3,-1,108.74343410258551,40.0,14.0,37.780638712
4404798,142,23,2025-05-03,1746281100.0,Kalba,Dubba Al Husun,True,18.08333333333333,5,0.0,5,0.0,10.006944444444445,10.88888888888889,-0.8819444444444446,10.006944444444445,1,1,2,0,63.807756596710306,37.8,29.0,38.775957448480014
4404795,142,23,2025-05-03,1746290700.0,Al Wasl,Shabab Al Ahly,True,20.75,5,1.0,5,0.0,10.118055555555555,6.0,4.118055555555555,6.0,1,2,3,-1,0.0,30.3,57.0,32.79207612808005
4404792,142,23,2025-05-04,1746367500.0,Al-Wahda,Sharjah SC,True,18.08333333333333,6,0.0,5,0.0,6.888888888888889,2.9409722222222223,3.947916666666667,2.9409722222222223,2,4,6,-2,144.65502103751098,34.9,36.0,35.92189278286001
4404794,142,23,2025-05-04,1746377100.0,Al Ain,Jazira Abu Dhabi,True,20.75,6,1.0,5,0.0,12.0,7.114583333333333,4.885416666666667,7.114583333333333,1,2,3,-1,141.22591256255774,34.9,16.0,32.54963506925999
4404793,142,23,2025-05-05,1746453900.0,Al Bataeh,Baniyas,True,18.08333333333333,0,0.0,5,0.0,12.006944444444445,3.9409722222222223,8.065972222222221,3.9409722222222223,1,2,3,-1,154.359089495672,37.1,17.0,35.01591120232001
4404796,142,23,2025-05-05,1746463500.0,Ajman Club,Al Urooba,True,20.75,0,1.0,5,0.0,13.118055555555555,13.118055555555555,0.0,13.118055555555555,1,1,2,0,87.32927881501558,30.9,46.0,31.723285442460057
4419967,142,24,2025-05-12,1747059000.0,Baniyas,Khor Fakkan,True,18.166666666666668,0,0.0,5,0.0,7.003472222222222,9.003472222222221,-1.9999999999999991,7.003472222222222,3,2,5,1,207.54593983049315,37.1,18.0,35.172385097740026
4419968,142,24,2025-05-12,1747059000.0,Dubba Al Husun,Al-Wahda,True,18.166666666666668,0,0.0,5,0.0,9.003472222222221,8.003472222222221,1.0,8.003472222222221,2,3,5,-1,230.89301148869538,35.5,22.0,33.89169562350001
4419965,142,24,2025-05-12,1747069200.0,Sharjah SC,Al Ain,True,21.0,0,1.0,5,0.0,8.121527777777779,8.010416666666666,0.11111111111111249,8.010416666666666,4,2,6,2,130.78020389360105,31.3,41.0,31.463997839440026
4419964,142,24,2025-05-13,1747145400.0,Al Urooba,Al Wasl,True,18.166666666666668,1,0.0,5,0.0,7.892361111111111,9.89236111111111,-2.0,7.892361111111111,1,2,3,-1,106.58049788296492,35.2,30.0,34.96262104864003
4419966,142,24,2025-05-13,1747145400.0,Jazira Abu Dhabi,Al Bataeh,True,18.166666666666668,1,0.0,5,0.0,8.89236111111111,8.003472222222221,0.8888888888888893,8.003472222222221,3,2,5,1,164.3730145365302,36.1,32.0,36.840636635020005
4419962,142,24,2025-05-13,1747155600.0,Al Nasr Dubai,Shabab Al Ahly,True,21.0,1,1.0,5,0.0,10.121527777777779,10.010416666666666,0.11111111111111249,10.010416666666666,1,3,4,-2,0.0,31.2,56.0,34.280009722239996
4419963,142,24,2025-05-13,1747155600.0,Ajman Club,Kalba,True,21.0,1,1.0,5,0.0,8.010416666666666,10.121527777777779,-2.1111111111111125,8.010416666666666,1,2,3,-1,92.94223838685208,30.2,60.0,33.21756585904001
4424987,142,25,2025-05-19,1747663800.0,Kalba,Al Nasr Dubai,True,18.166666666666668,0,0.0,5,0.0,5.881944444444445,5.881944444444445,0.0,5.881944444444445,2,2,4,0,110.0000751726705,32.8,72.0,43.68723883648008
4424988,142,25,2025-05-19,1747663800.0,Al Ain,Ajman Club,True,18.166666666666668,0,0.0,5,0.0,6.881944444444445,5.881944444444445,1.0,5.881944444444445,2,2,4,0,135.20538981213303,39.0,23.0,38.82873683200004
4424986,142,25,2025-05-19,1747674000.0,Al-Wahda,Jazira Abu Dhabi,True,21.0,0,1.0,5,0.0,7.118055555555555,6.118055555555555,1.0,6.118055555555555,2,2,4,0,0.0,29.0,77.0,34.10351506000006
4424985,142,25,2025-05-20,1747750200.0,Al Wasl,Baniyas,True,18.166666666666668,1,0.0,5,0.0,7.0,8.0,-1.0,7.0,2,3,5,-1,119.15268356769897,32.5,58.0,37.622277145499986
4424982,142,25,2025-05-20,1747760400.0,Shabab Al Ahly,Dubba Al Husun,True,21.0,1,1.0,5,0.0,7.0,8.118055555555555,-1.1180555555555554,7.0,2,2,4,0,110.80769283792053,29.2,79.0,35.075046202080074
4424984,142,25,2025-05-20,1747760400.0,Al Urooba,Al Bataeh,True,21.0,1,1.0,5,0.0,7.118055555555555,7.118055555555555,0.0,7.118055555555555,2,2,4,0,59.55285092684072,36.0,36.0,37.83023468800002
4424983,142,25,2025-05-22,1747928400.0,Khor Fakkan,Sharjah SC,True,19.666666666666668,3,1.0,5,0.0,10.0625,9.944444444444445,0.11805555555555536,9.944444444444445,2,2,4,0,92.56812333729964,38.9,15.0,36.72998022856
4427203,142,26,2025-05-23,1748015100.0,Al Nasr Dubai,Al Ain,True,19.75,4,1.0,5,0.0,4.065972222222222,4.065972222222222,0.0,4.065972222222222,3,3,6,0,120.78592526603711,32.9,59.0,38.91424292632
4427202,142,26,2025-05-24,1748095800.0,Dubba Al Husun,Al Urooba,True,18.166666666666668,5,0.0,5,0.0,3.8819444444444446,3.8819444444444446,0.0,3.8819444444444446,2,3,5,-1,54.84079974195756,35.8,70.0,53.36881832543996
4427199,142,26,2025-05-24,1748102400.0,Baniyas,Kalba,True,20.0,5,1.0,5,0.0,4.076388888888889,5.076388888888889,-1.0,4.076388888888889,3,2,5,1,192.5196162331606,36.7,26.0,36.24060770734001
4427197,142,26,2025-05-25,1748182200.0,Sharjah SC,Al Wasl,True,18.166666666666668,6,0.0,5,0.0,2.9375,5.0,-2.0625,2.9375,2,2,4,0,21.80240372599536,34.0,58.0,41.35421389200005
4427201,142,26,2025-05-25,1748182200.0,Al Bataeh,Al-Wahda,True,18.166666666666668,6,0.0,5,0.0,4.881944444444445,5.881944444444445,-1.0,4.881944444444445,3,2,5,1,164.3730145365302,38.0,29.0,39.112891779999984
4427198,142,26,2025-05-25,1748188800.0,Jazira Abu Dhabi,Shabab Al Ahly,True,20.0,6,1.0,5,0.0,5.958333333333333,4.958333333333333,1.0,4.958333333333333,3,2,5,1,122.88942684564469,32.0,71.0,40.77712387600004
4427200,142,26,2025-05-25,1748188800.0,Ajman Club,Khor Fakkan,True,20.0,6,1.0,5,0.0,6.076388888888889,3.013888888888889,3.0625000000000004,3.013888888888889,3,2,5,1,83.55166966611917,32.5,66.0,40.37181296950004
4476443,143,1,2025-08-16,1755353100.0,Shabab Al Ahly,Al Dhafra,True,18.08333333333333,5,0.0,8,0.0,30.0,,,30.0,0,0,0,0,234.89847040165964,35.8,58.0,46.44983772095998
4476445,143,1,2025-08-16,1755353100.0,Dibba Al Fujairah,Sharjah SC,True,18.08333333333333,5,0.0,8,0.0,,30.0,,30.0,0,0,0,0,89.52798756094153,33.3,70.0,44.43668427894002
4476446,143,1,2025-08-16,1755361800.0,Al Ain,Al Bataeh,True,20.5,5,1.0,8,0.0,30.0,30.0,0.0,30.0,0,0,0,0,115.9219468771036,37.9,37.0,41.89391323512002
4476447,143,1,2025-08-16,1755361800.0,Kalba,Al Nasr Dubai,True,20.5,5,1.0,8,0.0,30.0,30.0,0.0,30.0,0,0,0,0,110.0000751726705,30.9,82.0,41.24642765622
4476444,143,1,2025-08-17,1755439500.0,Ajman Club,Al-Wahda,True,18.08333333333333,6,0.0,8,0.0,30.0,30.0,0.0,30.0,0,0,0,0,155.93896532239575,36.4,49.0,43.70241588432002
4476448,143,1,2025-08-17,1755439500.0,Khor Fakkan,Jazira Abu Dhabi,True,18.08333333333333,6,0.0,8,0.0,30.0,30.0,0.0,30.0,0,0,0,0,221.26241682966656,33.9,68.0,45.465726006939974
4476449,143,1,2025-08-17,1755448200.0,Al Wasl,Baniyas,True,20.5,6,1.0,8,0.0,30.0,30.0,0.0,30.0,0,0,0,0,119.15268356769897,34.4,62.0,44.20636260352005
4490882,143,2,2025-08-22,1755871200.0,Baniyas,Kalba,True,18.0,4,0.0,8,0.0,4.895833333333333,5.895833333333333,-1.0,4.895833333333333,1,1,2,0,192.5196162331606,37.5,41.0,42.73511888199999
4490881,143,2,2025-08-22,1755880200.0,Sharjah SC,Jazira Abu Dhabi,True,20.5,4,1.0,8,0.0,6.100694444444445,5.100694444444445,1.0,5.100694444444445,1,1,2,0,144.65502103751098,33.7,72.0,46.73667586318011
4490878,143,2,2025-08-23,1755957600.0,Al Dhafra,Al Wasl,True,18.0,5,0.0,8,0.0,6.996527777777778,5.895833333333333,1.1006944444444446,5.895833333333333,1,1,2,0,234.89847040165964,38.8,30.0,40.872062427040035
4490880,143,2,2025-08-23,1755957600.0,Dibba Al Fujairah,Al Ain,True,18.0,5,0.0,8,0.0,6.996527777777778,6.895833333333333,0.10069444444444464,6.895833333333333,1,1,2,0,163.02180601067596,34.5,76.0,51.91142290350005
4490879,143,2,2025-08-23,1755966600.0,Al-Wahda,Shabab Al Ahly,True,20.5,5,1.0,8,0.0,6.100694444444445,7.100694444444445,-1.0,6.100694444444445,1,1,2,0,122.88942684564469,34.4,62.0,44.20636260352005
4490877,143,2,2025-08-24,1756044000.0,Al Bataeh,Khor Fakkan,True,18.0,6,0.0,8,0.0,7.895833333333333,6.996527777777778,0.8993055555555554,6.996527777777778,1,1,2,0,60.336819863162454,35.2,53.0,42.40444683856006
4490876,143,2,2025-08-24,1756053000.0,Al Nasr Dubai,Ajman Club,True,20.5,6,1.0,8,0.0,8.0,7.100694444444445,0.8993055555555554,7.100694444444445,1,1,2,0,33.049645394573034,33.8,70.0,46.098149742240025
4532372,143,3,2025-09-11,1757598000.0,Kalba,Al-Wahda,True,17.666666666666668,3,0.0,9,0.0,19.98611111111111,18.881944444444443,1.1041666666666679,18.881944444444443,1,1,2,0,209.93715212664128,30.5,74.0,37.409871977500046
4532373,143,3,2025-09-11,1757607300.0,Khor Fakkan,Sharjah SC,True,20.25,3,1.0,9,0.0,18.09375,19.989583333333332,-1.8958333333333321,18.09375,1,1,2,0,92.56812333729964,29.8,79.0,36.79078632288005
4532376,143,3,2025-09-11,1757607300.0,Shabab Al Ahly,Baniyas,True,20.25,3,1.0,9,0.0,18.989583333333332,20.09375,-1.1041666666666679,18.989583333333332,1,1,2,0,119.15268356769897,34.6,59.0,43.42204143232
4532374,143,3,2025-09-12,1757684400.0,Al Dhafra,Dibba Al Fujairah,True,17.666666666666668,4,0.0,9,0.0,19.98611111111111,19.98611111111111,0.0,19.98611111111111,1,1,2,0,337.90751021422665,36.5,50.0,44.43424463349997
4532375,143,3,2025-09-12,1757693700.0,Ajman Club,Al Bataeh,True,20.25,4,1.0,9,0.0,18.989583333333332,19.09375,-0.10416666666666785,18.989583333333332,1,1,2,0,29.365692916051344,33.1,59.0,39.412857616720004
4532379,143,3,2025-09-13,1757770800.0,Jazira Abu Dhabi,Al Nasr Dubai,True,17.666666666666668,5,0.0,9,0.0,21.881944444444443,19.881944444444443,2.0,19.881944444444443,0,1,1,-1,122.88942684564469,35.0,58.0,44.101978007999975
4532378,143,3,2025-09-13,1757780100.0,Al Wasl,Al Ain,True,20.25,5,1.0,9,0.0,21.09375,21.09375,0.0,21.09375,0,0,0,0,120.78592526603711,32.9,54.0,37.273012421020034
4532377,143,4,2025-09-19,1758288600.0,Al-Wahda,Al Dhafra,True,17.5,4,0.0,9,0.0,7.993055555555555,6.993055555555555,1.0,6.993055555555555,1,1,2,0,112.78365244915787,33.9,65.0,44.06818118056
4532380,143,4,2025-09-19,1758298500.0,Baniyas,Jazira Abu Dhabi,True,20.25,4,1.0,9,0.0,8.0,6.107638888888889,1.8923611111111107,6.107638888888889,1,1,2,0,30.482032492310047,33.5,61.0,41.212977558000006
4532381,143,4,2025-09-20,1758375000.0,Dibba Al Fujairah,Kalba,True,17.5,5,0.0,9,0.0,7.993055555555555,8.993055555555555,-1.0,7.993055555555555,1,1,2,0,61.05214484470807,30.2,74.0,36.579367151679975
4532382,143,4,2025-09-20,1758375000.0,Al Ain,Khor Fakkan,True,17.5,5,0.0,9,0.0,6.885416666666667,8.885416666666666,-1.9999999999999991,6.885416666666667,1,1,2,0,139.5420000257906,40.6,14.0,38.47367385951999
4532383,143,4,2025-09-20,1758384900.0,Al Nasr Dubai,Shabab Al Ahly,True,20.25,5,1.0,9,0.0,7.107638888888889,9.0,-1.8923611111111107,7.107638888888889,1,1,2,0,0.0,35.6,46.0,40.50425576976002
4532385,143,4,2025-09-21,1758461400.0,Al Bataeh,Al Wasl,True,17.5,6,0.0,9,0.0,8.885416666666666,7.885416666666667,0.9999999999999991,7.885416666666667,1,1,2,0,48.46379237088114,36.5,38.0,39.43337336950002
4532384,143,4,2025-09-21,1758471300.0,Sharjah SC,Ajman Club,True,20.25,6,1.0,9,0.0,10.0,9.0,1.0,9.0,1,1,2,0,11.385555144493688,33.0,69.0,43.04207722000008
4532386,143,5,2025-09-24,1758720300.0,Khor Fakkan,Kalba,True,17.416666666666668,2,0.0,9,0.0,3.9965277777777777,3.9965277777777777,0.0,3.9965277777777777,2,2,4,0,32.16764527428605,33.7,70.0,45.76085819574005
4532387,143,5,2025-09-24,1758730500.0,Jazira Abu Dhabi,Al-Wahda,True,20.25,2,1.0,9,0.0,5.0,5.114583333333333,-0.11458333333333304,5.0,2,2,4,0,0.0,32.2,56.0,36.34396588863999
4532388,143,5,2025-09-25,1758806700.0,Shabab Al Ahly,Al Ain,True,17.416666666666668,3,0.0,9,0.0,4.881944444444445,4.996527777777778,-0.11458333333333304,4.881944444444445,2,2,4,0,120.78592526603711,33.5,60.0,40.820359913500056
4532389,143,5,2025-09-25,1758816900.0,Al Wasl,Sharjah SC,True,20.25,3,1.0,9,0.0,4.114583333333333,4.0,0.11458333333333304,4.0,2,2,4,0,21.80240372599536,31.9,71.0,40.47829541176003
4532390,143,5,2025-09-26,1758893100.0,Baniyas,Ajman Club,True,17.416666666666668,4,0.0,9,0.0,6.881944444444445,4.881944444444445,2.0,4.881944444444445,2,2,4,0,151.37289353465897,36.0,42.0,39.862037200000024
4532391,143,5,2025-09-26,1758893100.0,Al Dhafra,Al Bataeh,True,17.416666666666668,4,0.0,9,0.0,6.996527777777778,4.996527777777778,2.0,4.996527777777778,2,2,4,0,273.32539434443237,38.9,20.0,37.85289676366001
4532392,143,5,2025-09-26,1758903300.0,Al Nasr Dubai,Dibba Al Fujairah,True,20.25,4,1.0,9,0.0,6.0,6.114583333333333,-0.11458333333333304,6.0,2,2,4,0,109.2521403167003,32.4,68.0,40.83486956464
4532542,143,6,2025-10-17,1760706300.0,Sharjah SC,Al Dhafra,True,17.083333333333332,4,0.0,10,0.0,21.868055555555557,20.98611111111111,0.8819444444444464,20.98611111111111,0,1,1,-1,256.69873710187284,31.4,48.0,32.87861707744
4532543,143,6,2025-10-17,1760706300.0,Al Bataeh,Al-Wahda,True,17.083333333333332,4,0.0,10,0.0,20.98611111111111,22.868055555555557,-1.8819444444444464,20.98611111111111,1,0,1,1,164.3730145365302,32.8,38.0,33.071131941760015
4532541,143,6,2025-10-17,1760715900.0,Kalba,Shabab Al Ahly,True,19.75,4,1.0,10,0.0,23.09722222222222,22.09722222222222,1.0,22.09722222222222,0,0,0,0,110.0000751726705,28.2,66.0,30.506476702239986
4532536,143,6,2025-10-18,1760792700.0,Al Ain,Baniyas,True,17.083333333333332,5,0.0,10,0.0,22.98611111111111,21.98611111111111,1.0,21.98611111111111,0,0,0,0,113.52496443493267,34.5,24.0,32.979994127500014
4532540,143,6,2025-10-18,1760792700.0,Dibba Al Fujairah,Jazira Abu Dhabi,True,17.083333333333332,5,0.0,10,0.0,21.868055555555557,23.868055555555557,-2.0,21.868055555555557,0,0,0,0,228.9521879666483,31.3,61.0,35.75911865784
4532538,143,6,2025-10-18,1760802300.0,Al Wasl,Al Nasr Dubai,True,19.75,5,1.0,10,0.0,22.979166666666668,21.979166666666668,1.0,21.979166666666668,0,0,0,0,0.0,30.2,62.0,33.644611905280044
4532539,143,6,2025-10-18,1760802300.0,Ajman Club,Khor Fakkan,True,19.75,5,1.0,10,0.0,22.09722222222222,24.09722222222222,-2.0,22.09722222222222,0,0,0,0,83.55166966611917,30.0,63.0,33.44941826800004
4532535,143,7,2025-10-30,1761829200.0,Al-Wahda,Al Nasr Dubai,True,17.0,3,0.0,10,0.0,12.996527777777779,11.885416666666666,1.1111111111111125,11.885416666666666,1,1,2,0,122.88942684564469,30.8,53.0,32.877198892960045
4532532,143,7,2025-10-30,1761839100.0,Shabab Al Ahly,Sharjah SC,True,19.75,3,1.0,10,0.0,13.0,13.11111111111111,-0.11111111111111072,13.0,1,1,2,0,21.80240372599536,29.6,60.0,32.08679113216
4532537,143,7,2025-10-30,1761839100.0,Ajman Club,Al Ain,True,19.75,3,1.0,10,0.0,12.0,12.11111111111111,-0.11111111111111072,12.0,1,1,2,0,135.20538981213303,29.3,62.0,31.89109948918002
4532530,143,7,2025-10-31,1761915600.0,Baniyas,Dibba Al Fujairah,True,17.0,4,0.0,10,0.0,12.996527777777779,12.996527777777779,0.0,12.996527777777779,1,1,2,0,218.7820682333652,32.0,36.0,31.61780461600002
4532531,143,7,2025-10-31,1761925500.0,Khor Fakkan,Al Wasl,True,19.75,4,1.0,10,0.0,13.0,13.0,0.0,13.0,1,1,2,0,108.74343410258551,28.9,65.0,31.648936076560005
4532533,143,7,2025-11-01,1762002000.0,Al Dhafra,Kalba,True,17.0,5,0.0,11,0.0,14.996527777777779,14.885416666666666,0.11111111111111249,14.885416666666666,1,1,2,0,310.31226897820846,31.3,40.0,31.307471027340004
4532534,143,7,2025-11-01,1762011900.0,Jazira Abu Dhabi,Al Bataeh,True,19.75,5,1.0,11,0.0,14.11111111111111,15.11111111111111,-1.0,14.11111111111111,1,1,2,0,164.3730145365302,29.0,61.0,31.188394068000072
4598134,143,8,2025-11-20,1763652600.0,Khor Fakkan,Shabab Al Ahly,True,19.5,3,1.0,11,0.0,19.989583333333332,20.989583333333332,-1.0,19.989583333333332,1,1,2,0,108.74343410258551,25.9,34.0,25.9
4598133,143,8,2025-11-21,1763728800.0,Dibba Al Fujairah,Al-Wahda,True,16.666666666666668,4,0.0,11,0.0,20.98611111111111,21.98611111111111,-1.0,20.98611111111111,1,0,1,1,228.9521879666483,28.2,41.0,27.914333254239992
4598136,143,8,2025-11-21,1763728800.0,Al Nasr Dubai,Al Dhafra,True,16.666666666666668,4,0.0,11,0.0,21.98611111111111,19.98611111111111,2.0,19.98611111111111,0,1,1,-1,234.89847040165964,27.9,62.0,29.520994772620014
4598135,143,8,2025-11-21,1763739000.0,Sharjah SC,Baniyas,True,19.5,4,1.0,11,0.0,21.989583333333332,21.104166666666668,0.8854166666666643,21.104166666666668,0,0,0,0,140.63129344950875,25.7,68.0,25.7
4598689,143,8,2025-11-22,1763815200.0,Al Wasl,Ajman Club,True,16.666666666666668,5,0.0,11,0.0,21.87152777777778,22.87152777777778,-1.0,21.87152777777778,0,0,0,0,33.049645394573034,28.0,59.0,29.340004660000034
4598691,143,8,2025-11-22,1763815200.0,Kalba,Al Bataeh,True,16.666666666666668,5,0.0,11,0.0,20.98611111111111,20.87152777777778,0.11458333333333215,20.87152777777778,1,1,2,0,64.35652878671281,28.1,30.0,27.168689855260006
4598690,143,8,2025-11-22,1763825400.0,Al Ain,Jazira Abu Dhabi,True,19.5,5,1.0,11,0.0,22.989583333333332,20.989583333333332,2.0,20.989583333333332,0,1,1,-1,141.22591256255774,26.4,21.0,26.4
4610183,143,9,2025-12-20,1766235000.0,Ajman Club,Dibba Al Fujairah,True,16.833333333333332,5,0.0,12,0.0,28.006944444444443,29.006944444444443,-1.0,28.006944444444443,0,0,0,0,78.71176759148446,19.2,59.0,19.2
4610184,143,9,2025-12-20,1766235000.0,Baniyas,Khor Fakkan,True,16.833333333333332,5,0.0,12,0.0,28.88888888888889,29.88888888888889,-1.0,28.88888888888889,0,0,0,0,207.54593983049315,17.7,50.0,17.7
4610182,143,9,2025-12-20,1766244600.0,Al Ain,Kalba,True,19.5,5,1.0,12,0.0,28.0,28.118055555555557,-0.11805555555555713,28.0,0,0,0,0,111.89074474711185,13.4,78.0,13.4
4610181,143,9,2025-12-21,1766321400.0,Al Bataeh,Al Nasr Dubai,True,16.833333333333332,6,0.0,12,0.0,29.006944444444443,30.0,-0.9930555555555571,29.006944444444443,0,0,0,0,48.46379237088114,19.1,73.0,19.1
4610180,143,9,2025-12-21,1766331000.0,Jazira Abu Dhabi,Al Dhafra,True,19.5,6,1.0,12,0.0,29.0,30.0,-1.0,29.0,0,0,0,0,112.78365244915787,19.0,72.0,19.0
4610178,143,10,2025-12-28,1766926200.0,Al-Wahda,Khor Fakkan,True,16.833333333333332,6,0.0,12,0.0,30.0,8.0,22.0,8.0,0,1,1,-1,221.26241682966656,26.7,43.0,26.7
4610179,143,10,2025-12-28,1766926200.0,Dibba Al Fujairah,Al Wasl,True,16.833333333333332,6,0.0,12,0.0,8.0,30.0,-22.0,8.0,1,0,1,1,109.2521403167003,22.7,71.0,22.7
4610177,143,10,2025-12-28,1766936700.0,Al Nasr Dubai,Al Ain,True,19.75,6,1.0,12,0.0,7.121527777777778,8.010416666666666,-0.8888888888888884,7.121527777777778,1,1,2,0,120.78592526603711,24.0,50.0,24.0
4610176,143,10,2025-12-29,1767012600.0,Kalba,Jazira Abu Dhabi,True,16.833333333333332,0,0.0,12,0.0,8.88888888888889,7.888888888888889,1.0,7.888888888888889,1,1,2,0,209.93715212664128,27.2,41.0,27.06592162384001
4610175,143,10,2025-12-29,1767023100.0,Al Dhafra,Baniyas,True,19.75,0,1.0,12,0.0,8.010416666666666,9.121527777777779,-1.1111111111111125,8.010416666666666,1,1,2,0,119.29913439905698,21.3,76.0,21.3
4610173,143,11,2026-01-02,1767358500.0,Khor Fakkan,Al Dhafra,True,16.916666666666668,4,0.0,1,0.0,5.003472222222222,3.8819444444444446,1.1215277777777777,3.8819444444444446,2,2,4,0,326.70915096568467,24.3,43.0,24.3
4610174,143,11,2026-01-02,1767358500.0,Al Wasl,Al-Wahda,True,16.916666666666668,4,0.0,1,0.0,5.003472222222222,5.003472222222222,0.0,5.003472222222222,1,1,2,0,122.88942684564469,22.9,63.0,22.9
4610171,143,11,2026-01-02,1767368700.0,Al Ain,Sharjah SC,True,19.75,4,1.0,1,0.0,5.0,30.0,-25.0,5.0,2,0,2,2,130.78020389360105,19.3,71.0,19.3
4610172,143,11,2026-01-02,1767368700.0,Baniyas,Al Nasr Dubai,True,19.75,4,1.0,1,0.0,4.0,5.0,-1.0,4.0,2,2,4,0,119.15268356769897,18.8,85.0,18.8
4610169,143,11,2026-01-03,1767444900.0,Ajman Club,Kalba,True,16.916666666666668,5,0.0,1,0.0,14.003472222222221,5.003472222222222,9.0,5.003472222222222,1,2,3,-1,92.94223838685208,22.9,67.0,22.9
4610170,143,11,2026-01-03,1767444900.0,Al Bataeh,Dibba Al Fujairah,True,16.916666666666668,5,0.0,1,0.0,13.003472222222221,6.003472222222222,6.999999999999999,6.003472222222222,1,2,3,-1,64.69720361672493,23.3,54.0,23.3
4610168,143,11,2026-01-03,1767455100.0,Jazira Abu Dhabi,Shabab Al Ahly,True,19.75,5,1.0,1,0.0,5.121527777777778,30.0,-24.87847222222222,5.121527777777778,2,0,2,2,122.88942684564469,20.5,80.0,20.5
4610166,143,12,2026-01-06,1767704400.0,Al Nasr Dubai,Sharjah SC,True,17.0,1,0.0,1,0.0,3.8854166666666665,3.8854166666666665,0.0,3.8854166666666665,3,1,4,2,21.80240372599536,23.1,51.0,23.1
4610167,143,12,2026-01-06,1767714300.0,Al-Wahda,Baniyas,True,19.75,1,1.0,1,0.0,4.118055555555555,4.0,0.11805555555555536,4.0,2,3,5,-1,30.482032492310047,21.6,62.0,21.6
4610165,143,12,2026-01-07,1767790800.0,Kalba,Al Wasl,True,17.0,2,0.0,1,0.0,4.003472222222222,5.003472222222222,-1.0,4.003472222222222,3,2,5,1,110.0000751726705,22.1,50.0,22.1
4610164,143,12,2026-01-07,1767800700.0,Al Bataeh,Shabab Al Ahly,True,19.75,2,1.0,1,0.0,4.118055555555555,4.0,0.11805555555555536,4.0,2,1,3,1,48.46379237088114,18.7,50.0,18.7
4610162,143,12,2026-01-08,1767877200.0,Dibba Al Fujairah,Khor Fakkan,True,17.0,3,0.0,1,0.0,5.003472222222222,6.003472222222222,-1.0,5.003472222222222,3,3,6,0,29.276432371236414,21.5,49.0,21.5
4610163,143,12,2026-01-08,1767877200.0,Jazira Abu Dhabi,Ajman Club,True,17.0,3,0.0,1,0.0,4.885416666666667,5.003472222222222,-0.11805555555555536,4.885416666666667,3,2,5,1,155.93896532239575,22.3,46.0,22.3
4610161,143,12,2026-01-08,1767887100.0,Al Dhafra,Al Ain,True,19.75,3,1.0,1,0.0,6.118055555555555,6.0,0.11805555555555536,6.0,3,3,6,0,216.86459568569282,18.7,62.0,18.7
4610160,143,9,2026-01-10,1768059900.0,Al-Wahda,Sharjah SC,True,19.75,5,1.0,1,0.0,4.0,4.114583333333333,-0.11458333333333304,4.0,3,2,5,1,144.65502103751098,20.9,59.0,20.9
4610159,143,9,2026-01-11,1768146300.0,Shabab Al Ahly,Al Wasl,True,19.75,6,1.0,1,0.0,4.0,4.114583333333333,-0.11458333333333304,4.0,2,3,5,-1,0.0,21.5,54.0,21.5
4610158,143,10,2026-01-14,1768405500.0,Sharjah SC,Al Bataeh,True,19.75,2,1.0,1,0.0,4.0,7.0,-3.0,4.0,3,2,5,1,34.77443094856482,20.8,64.0,20.8
4610155,143,10,2026-01-15,1768491900.0,Shabab Al Ahly,Ajman Club,True,19.75,3,1.0,1,0.0,4.0,7.114583333333333,-3.114583333333333,4.0,3,2,5,1,33.049645394573034,22.4,71.0,22.4
4610156,143,13,2026-01-17,1768655100.0,Khor Fakkan,Al Nasr Dubai,True,17.083333333333332,5,0.0,1,0.0,9.003472222222221,11.003472222222221,-2.0,9.003472222222221,3,3,6,0,108.74343410258551,22.5,43.0,22.5
4610157,143,13,2026-01-17,1768655100.0,Al Wasl,Jazira Abu Dhabi,True,17.083333333333332,5,0.0,1,0.0,5.888888888888889,9.003472222222221,-3.114583333333332,5.888888888888889,4,3,7,1,122.88942684564469,20.4,61.0,20.4
4610153,143,13,2026-01-17,1768664700.0,Al Ain,Al-Wahda,True,19.75,5,1.0,1,0.0,9.0,7.0,2.0,7.0,3,4,7,-1,141.22591256255774,17.1,65.0,17.1
4610150,143,13,2026-01-18,1768741500.0,Baniyas,Al Bataeh,True,17.083333333333332,6,0.0,1,0.0,11.88888888888889,3.888888888888889,8.0,3.888888888888889,3,3,6,0,154.359089495672,21.3,54.0,21.3
4610154,143,13,2026-01-18,1768751100.0,Sharjah SC,Kalba,True,19.75,6,1.0,1,0.0,4.0,11.114583333333334,-7.114583333333334,4.0,4,3,7,1,99.11603406020953,19.7,69.0,19.7
4610152,143,13,2026-01-19,1768827900.0,Ajman Club,Al Dhafra,True,17.083333333333332,0,0.0,1,0.0,3.888888888888889,10.88888888888889,-7.0,3.888888888888889,3,3,6,0,267.85412566245435,20.9,65.0,20.9
4610151,143,13,2026-01-19,1768837500.0,Shabab Al Ahly,Dibba Al Fujairah,True,19.75,0,1.0,1,0.0,4.0,11.114583333333334,-7.114583333333334,4.0,4,2,6,2,109.2521403167003,19.1,77.0,19.1
4645141,143,14,2026-01-27,1769519700.0,Kalba,Al Ain,True,17.25,1,0.0,1,0.0,8.895833333333334,9.895833333333334,-1.0,8.895833333333334,2,2,4,0,111.89074474711185,21.8,39.0,21.8
4645140,143,14,2026-01-27,1769529600.0,Al-Wahda,Dibba Al Fujairah,True,20.0,1,1.0,1,0.0,10.010416666666666,8.010416666666666,2.0,8.010416666666666,2,2,4,0,228.9521879666483,19.9,66.0,19.9
4645135,143,14,2026-01-28,1769606100.0,Ajman Club,Shabab Al Ahly,True,17.25,2,0.0,1,0.0,9.006944444444445,8.895833333333334,0.11111111111111072,8.895833333333334,3,4,7,-1,33.049645394573034,22.9,50.0,22.9
4645138,143,14,2026-01-28,1769606100.0,Al Dhafra,Sharjah SC,True,17.25,2,0.0,1,0.0,9.006944444444445,9.895833333333334,-0.8888888888888893,9.006944444444445,2,3,5,-1,256.69873710187284,24.9,31.0,24.9
4645136,143,14,2026-01-28,1769616000.0,Al Wasl,Khor Fakkan,True,20.0,2,1.0,1,0.0,11.121527777777779,11.121527777777779,0.0,11.121527777777779,2,2,4,0,108.74343410258551,21.0,61.0,21.0
4645139,143,14,2026-01-29,1769692500.0,Al Bataeh,Jazira Abu Dhabi,True,17.25,3,0.0,1,0.0,11.006944444444445,12.006944444444445,-1.0,11.006944444444445,2,1,3,1,164.3730145365302,24.6,35.0,24.6
4645137,143,14,2026-01-29,1769702400.0,Al Nasr Dubai,Baniyas,True,20.0,3,1.0,1,0.0,12.121527777777779,11.121527777777779,1.0,11.121527777777779,1,1,2,0,119.15268356769897,21.0,68.0,21.0
4650121,143,15,2026-02-05,1770297900.0,Al-Wahda,Al Bataeh,True,17.416666666666668,3,0.0,2,0.0,8.89236111111111,7.006944444444445,1.885416666666666,7.006944444444445,2,2,4,0,164.3730145365302,22.4,62.0,22.4
4650122,143,15,2026-02-05,1770297900.0,Al Nasr Dubai,Al Wasl,True,17.416666666666668,3,0.0,2,0.0,6.892361111111111,7.892361111111111,-1.0,6.892361111111111,2,2,4,0,0.0,22.7,64.0,22.7
4650123,143,15,2026-02-05,1770307200.0,Sharjah SC,Shabab Al Ahly,True,20.0,3,1.0,2,0.0,8.114583333333334,8.114583333333334,0.0,8.114583333333334,2,2,4,0,21.80240372599536,21.1,72.0,21.1
4650120,143,15,2026-02-06,1770384300.0,Al Dhafra,Khor Fakkan,True,17.416666666666668,4,0.0,2,0.0,9.006944444444445,8.89236111111111,0.11458333333333393,8.89236111111111,2,2,4,0,326.70915096568467,26.0,41.0,26.0
4650119,143,15,2026-02-06,1770393600.0,Jazira Abu Dhabi,Al Ain,True,20.0,4,1.0,2,0.0,8.114583333333334,10.114583333333334,-2.0,8.114583333333334,2,2,4,0,141.22591256255774,21.1,73.0,21.1
4650118,143,15,2026-02-07,1770470700.0,Dibba Al Fujairah,Baniyas,True,17.416666666666668,5,0.0,2,0.0,10.89236111111111,8.89236111111111,2.0,8.89236111111111,2,2,4,0,218.7820682333652,24.1,80.0,24.1
4650116,143,15,2026-02-07,1770480000.0,Kalba,Ajman Club,True,20.0,5,1.0,2,0.0,11.114583333333334,10.114583333333334,1.0,10.114583333333334,2,2,4,0,92.94223838685208,21.6,83.0,21.6
4650117,143,16,2026-02-13,1770989400.0,Al Bataeh,Al Dhafra,True,17.5,4,0.0,2,0.0,8.003472222222221,7.003472222222222,0.9999999999999991,7.003472222222222,2,2,4,0,273.32539434443237,25.3,47.0,25.3
4650115,143,16,2026-02-13,1770998400.0,Jazira Abu Dhabi,Kalba,True,20.0,4,1.0,2,0.0,7.0,6.0,1.0,6.0,2,2,4,0,209.93715212664128,22.8,66.0,22.8
4650114,143,16,2026-02-14,1771075800.0,Khor Fakkan,Ajman Club,True,17.5,5,0.0,2,0.0,8.003472222222221,6.895833333333333,1.1076388888888884,6.895833333333333,2,2,4,0,83.55166966611917,26.0,60.0,26.0
4650112,143,16,2026-02-14,1771084800.0,Al Ain,Al Nasr Dubai,True,20.0,5,1.0,2,0.0,8.0,9.10763888888889,-1.1076388888888893,8.0,2,2,4,0,120.78592526603711,26.5,18.0,26.5
4650110,143,17,2026-02-20,1771608600.0,Ajman Club,Sharjah SC,True,21.5,4,1.0,2,1.0,6.166666666666667,15.0625,-8.895833333333332,6.166666666666667,2,1,3,1,11.385555144493688,21.8,80.0,21.8
4650111,143,17,2026-02-20,1771608600.0,Al Dhafra,Shabab Al Ahly,True,21.5,4,1.0,2,1.0,7.166666666666667,15.0625,-7.895833333333333,7.166666666666667,2,1,3,1,234.89847040165964,20.9,77.0,20.9
4650113,143,17,2026-02-20,1771608600.0,Al-Wahda,Jazira Abu Dhabi,True,21.5,4,1.0,2,1.0,15.17013888888889,7.0625,8.10763888888889,7.0625,1,2,3,-1,0.0,23.1,71.0,23.1
4650107,143,17,2026-02-21,1771695000.0,Al Wasl,Al Bataeh,True,21.5,5,1.0,2,1.0,16.17013888888889,8.166666666666666,8.003472222222223,8.166666666666666,1,2,3,-1,48.46379237088114,22.8,77.0,22.8
4650109,143,17,2026-02-21,1771695000.0,Kalba,Dibba Al Fujairah,True,21.5,5,1.0,2,1.0,8.0625,14.17013888888889,-6.107638888888889,8.0625,2,1,3,1,61.05214484470807,24.6,26.0,24.6
4650106,143,17,2026-02-22,1771781400.0,Baniyas,Al Ain,True,21.5,6,1.0,2,1.0,15.17013888888889,8.0625,7.107638888888889,8.0625,1,2,3,-1,113.52496443493267,20.5,91.0,20.5
4650108,143,17,2026-02-22,1771781400.0,Al Nasr Dubai,Khor Fakkan,True,21.5,6,1.0,2,1.0,8.0625,8.166666666666666,-0.10416666666666607,8.0625,2,2,4,0,108.74343410258551,21.3,91.0,21.3
4650104,143,18,2026-02-25,1772040600.0,Al Wasl,Shabab Al Ahly,True,21.5,2,1.0,2,1.0,4.0,5.0,-1.0,4.0,2,2,4,0,0.0,22.4,89.0,22.4
4650105,143,18,2026-02-25,1772040600.0,Al-Wahda,Ajman Club,True,21.5,2,1.0,2,1.0,5.0,5.0,0.0,5.0,2,3,5,-1,155.93896532239575,22.1,89.0,22.1
4650099,143,18,2026-02-26,1772127000.0,Kalba,Al Dhafra,True,21.5,3,1.0,2,1.0,5.0,6.0,-1.0,5.0,3,3,6,0,310.31226897820846,21.6,37.0,21.6
4650103,143,18,2026-02-26,1772127000.0,Jazira Abu Dhabi,Sharjah SC,True,21.5,3,1.0,2,1.0,6.0,6.0,0.0,6.0,3,1,4,2,144.65502103751098,21.7,64.0,21.7
4650100,143,18,2026-02-27,1772213400.0,Al Bataeh,Baniyas,True,21.5,4,1.0,2,1.0,6.0,5.0,1.0,5.0,2,2,4,0,154.359089495672,18.4,79.0,18.4
4650101,143,18,2026-02-27,1772213400.0,Khor Fakkan,Al Ain,True,21.5,4,1.0,2,1.0,5.0,5.0,0.0,5.0,2,2,4,0,139.5420000257906,20.9,68.0,20.9
4650102,143,18,2026-02-27,1772213400.0,Dibba Al Fujairah,Al Nasr Dubai,True,21.5,4,1.0,2,1.0,6.0,5.0,1.0,5.0,2,2,4,0,109.2521403167003,20.8,72.0,20.8
4650187,143,16,2026-03-07,1772904600.0,Shabab Al Ahly,Al-Wahda,True,21.5,5,1.0,3,1.0,10.0,10.0,0.0,10.0,2,2,4,0,122.88942684564469,21.4,78.0,21.4
4650188,143,16,2026-03-07,1772904600.0,Baniyas,Al Wasl,True,21.5,5,1.0,3,1.0,8.0,10.0,-2.0,8.0,2,2,4,0,119.15268356769897,21.5,74.0,21.5
4650189,143,16,2026-03-07,1772904600.0,Sharjah SC,Dibba Al Fujairah,True,21.5,5,1.0,3,1.0,9.0,8.0,1.0,8.0,2,2,4,0,89.52798756094153,21.7,78.0,21.7
4670673,143,19,2026-03-10,1773163800.0,Al Dhafra,Jazira Abu Dhabi,True,21.5,1,1.0,3,1.0,12.0,12.0,0.0,12.0,2,2,4,0,112.78365244915787,22.0,78.0,22.0
4670676,143,19,2026-03-10,1773163800.0,Al Bataeh,Ajman Club,True,21.5,1,1.0,3,1.0,11.0,13.0,-2.0,11.0,2,2,4,0,29.365692916051344,21.4,66.0,21.4
4670672,143,19,2026-03-11,1773250200.0,Shabab Al Ahly,Kalba,True,21.5,2,1.0,3,1.0,4.0,13.0,-9.0,4.0,3,2,5,1,110.0000751726705,23.7,70.0,23.7
4670674,143,19,2026-03-11,1773250200.0,Khor Fakkan,Dibba Al Fujairah,True,21.5,2,1.0,3,1.0,12.0,4.0,8.0,4.0,2,3,5,-1,29.276432371236414,23.7,68.0,23.7
4670675,143,19,2026-03-11,1773250200.0,Sharjah SC,Al Nasr Dubai,True,21.5,2,1.0,3,1.0,4.0,12.0,-8.0,4.0,3,2,5,1,21.80240372599536,23.5,72.0,23.5
4670677,143,19,2026-03-12,1773336600.0,Baniyas,Al-Wahda,True,21.5,3,1.0,3,1.0,5.0,5.0,0.0,5.0,3,3,6,0,30.482032492310047,22.2,85.0,22.2
4670678,143,19,2026-03-12,1773336600.0,Al Ain,Al Wasl,True,21.5,3,1.0,3,1.0,13.0,5.0,8.0,5.0,2,3,5,-1,120.78592526603711,24.5,50.0,24.5
4670665,143,20,2026-03-16,1773682200.0,Dibba Al Fujairah,Shabab Al Ahly,True,21.5,0,1.0,3,1.0,5.0,5.0,0.0,5.0,3,3,6,0,109.2521403167003,30.6,23.0,28.862077743040036
4670668,143,20,2026-03-16,1773682200.0,Jazira Abu Dhabi,Khor Fakkan,True,21.5,0,1.0,3,1.0,6.0,5.0,1.0,5.0,2,2,4,0,221.26241682966656,26.7,43.0,26.7
4670667,143,20,2026-03-17,1773768600.0,Kalba,Sharjah SC,True,21.5,1,1.0,3,1.0,6.0,6.0,0.0,6.0,2,3,5,-1,99.11603406020953,29.0,33.0,28.059425932000035
4670669,143,20,2026-03-17,1773768600.0,Al-Wahda,Al Ain,True,21.5,1,1.0,3,1.0,5.0,5.0,0.0,5.0,3,2,5,1,141.22591256255774,26.7,61.0,26.7
4670666,143,20,2026-03-18,1773855000.0,Al Wasl,Al Dhafra,True,21.5,2,1.0,3,1.0,6.0,8.0,-2.0,6.0,3,2,5,1,234.89847040165964,24.5,65.0,24.5
4670670,143,20,2026-03-18,1773855000.0,Al Nasr Dubai,Al Bataeh,True,21.5,2,1.0,3,1.0,7.0,8.0,-1.0,7.0,2,2,4,0,48.46379237088114,24.5,65.0,24.5
4670671,143,20,2026-03-18,1773855000.0,Ajman Club,Baniyas,True,21.5,2,1.0,3,1.0,8.0,6.0,2.0,6.0,2,3,5,-1,151.37289353465897,23.8,70.0,23.8
4689695,143,21,2026-04-04,1775310600.0,Al Nasr Dubai,Al-Wahda,True,17.833333333333332,5,0.0,4,0.0,16.84722222222222,17.84722222222222,-1.0,16.84722222222222,1,1,2,0,122.88942684564469,23.3,78.0,23.3
4689696,143,21,2026-04-04,1775310600.0,Al Bataeh,Kalba,True,17.833333333333332,5,0.0,4,0.0,16.84722222222222,17.84722222222222,-1.0,16.84722222222222,1,1,2,0,64.35652878671281,23.4,75.0,23.4
4689697,143,21,2026-04-04,1775320200.0,Shabab Al Ahly,Jazira Abu Dhabi,True,20.5,5,1.0,4,0.0,18.958333333333332,18.958333333333332,0.0,18.958333333333332,1,1,2,0,122.88942684564469,22.4,86.0,22.4
4689698,143,21,2026-04-05,1775397000.0,Dibba Al Fujairah,Al Dhafra,True,17.833333333333332,6,0.0,4,0.0,19.84722222222222,17.84722222222222,2.0,17.84722222222222,1,1,2,0,337.90751021422665,28.6,46.0,28.744033119360004
4689700,143,21,2026-04-05,1775397000.0,Khor Fakkan,Baniyas,True,17.833333333333332,6,0.0,4,0.0,19.84722222222222,17.84722222222222,2.0,17.84722222222222,1,1,2,0,207.54593983049315,30.4,35.0,29.589122400160008
4689699,143,21,2026-04-05,1775406600.0,Al Ain,Ajman Club,True,20.5,6,1.0,4,0.0,18.958333333333332,17.958333333333332,1.0,17.958333333333332,1,1,2,0,135.20538981213303,25.8,51.0,25.8
4689701,143,21,2026-04-05,1775406600.0,Sharjah SC,Al Wasl,True,20.5,6,1.0,4,0.0,18.958333333333332,17.958333333333332,1.0,17.958333333333332,1,1,2,0,21.80240372599536,23.8,75.0,23.8
4695361,143,22,2026-04-09,1775742900.0,Al-Wahda,Kalba,True,17.916666666666668,3,0.0,4,0.0,5.003472222222222,5.003472222222222,0.0,5.003472222222222,1,1,2,0,209.93715212664128,25.7,54.0,25.7
4695359,143,22,2026-04-10,1775829300.0,Baniyas,Sharjah SC,True,17.916666666666668,4,0.0,4,0.0,5.003472222222222,4.892361111111111,0.1111111111111116,4.892361111111111,1,1,2,0,140.63129344950875,27.3,54.0,27.99535715638
4695358,143,22,2026-04-10,1775838600.0,Al Ain,Shabab Al Ahly,True,20.5,4,1.0,4,0.0,5.0,6.0,-1.0,5.0,1,1,2,0,120.78592526603711,23.7,65.0,23.7
4695356,143,22,2026-04-11,1775915700.0,Jazira Abu Dhabi,Dibba Al Fujairah,True,17.916666666666668,5,0.0,4,0.0,6.892361111111111,6.003472222222222,0.8888888888888884,6.003472222222222,1,1,2,0,228.9521879666483,22.0,85.0,22.0
4695357,143,22,2026-04-11,1775915700.0,Al Dhafra,Al Nasr Dubai,True,17.916666666666668,5,0.0,4,0.0,6.003472222222222,7.003472222222222,-1.0,6.003472222222222,1,1,2,0,234.89847040165964,23.1,73.0,23.1
4695355,143,22,2026-04-11,1775925000.0,Ajman Club,Al Wasl,True,20.5,5,1.0,4,0.0,6.0,6.0,0.0,6.0,1,1,2,0,33.049645394573034,20.9,81.0,20.9
4695360,143,22,2026-04-11,1775925000.0,Khor Fakkan,Al Bataeh,True,20.5,5,1.0,4,0.0,6.111111111111111,7.111111111111111,-1.0,6.111111111111111,1,1,2,0,60.336819863162454,22.3,72.0,22.3
4695353,143,23,2026-04-23,1776952800.0,Sharjah SC,Al-Wahda,True,18.0,3,0.0,4,0.0,13.003472222222221,14.003472222222221,-1.0,13.003472222222221,2,2,4,0,144.65502103751098,31.3,41.0,31.463997839440026
4695354,143,23,2026-04-23,1776952800.0,Kalba,Baniyas,True,18.0,3,0.0,4,0.0,14.003472222222221,13.003472222222221,1.0,13.003472222222221,2,2,4,0,192.5196162331606,32.4,28.0,31.039629980639972
4695349,143,23,2026-04-23,1776962700.0,Al Bataeh,Al Ain,True,20.75,3,1.0,4,0.0,12.010416666666666,13.010416666666666,-1.0,12.010416666666666,2,2,4,0,115.9219468771036,29.2,43.0,29.10933824496001
4695350,143,23,2026-04-24,1777039200.0,Al Wasl,Dibba Al Fujairah,True,18.0,4,0.0,4,0.0,12.895833333333334,13.003472222222221,-0.10763888888888751,12.895833333333334,2,2,4,0,109.2521403167003,30.9,41.0,30.92783690056001
4695352,143,23,2026-04-24,1777039200.0,Al Dhafra,Ajman Club,True,18.0,4,0.0,4,0.0,13.003472222222221,12.895833333333334,0.10763888888888751,12.895833333333334,2,2,4,0,267.85412566245435,33.8,29.0,32.85744130768002
4695348,143,23,2026-04-24,1777049100.0,Al Nasr Dubai,Jazira Abu Dhabi,True,20.75,4,1.0,4,0.0,13.118055555555555,13.118055555555555,0.0,13.118055555555555,2,2,4,0,122.88942684564469,28.2,57.0,29.402723478879984
4695351,143,23,2026-04-29,1777476000.0,Shabab Al Ahly,Khor Fakkan,True,19.33333333333333,2,1.0,4,0.0,18.95138888888889,17.95138888888889,1.0,17.95138888888889,1,1,2,0,108.74343410258551,30.0,56.0,32.06809589200003
4704448,143,24,2026-05-05,1777989900.0,Ajman Club,Jazira Abu Dhabi,True,18.08333333333333,1,0.0,5,0.0,11.003472222222221,10.88888888888889,0.11458333333333215,10.88888888888889,1,1,2,0,155.93896532239575,30.4,64.0,34.52428434912001
4704442,143,24,2026-05-05,1777999500.0,Baniyas,Al Dhafra,True,20.75,1,1.0,5,0.0,12.114583333333334,11.114583333333334,1.0,11.114583333333334,1,1,2,0,119.29913439905698,29.4,64.0,32.441494535520036
4704446,143,24,2026-05-05,1777999500.0,Dibba Al Fujairah,Al Bataeh,True,20.75,1,1.0,5,0.0,11.114583333333334,12.0,-0.8854166666666661,11.114583333333334,1,1,2,0,64.69720361672493,31.9,29.0,30.593414663919972
4704447,143,24,2026-05-05,1777999500.0,Kalba,Khor Fakkan,True,20.75,1,1.0,5,0.0,12.114583333333334,6.059027777777778,6.055555555555556,6.059027777777778,1,1,2,0,32.16764527428605,30.5,47.0,31.302788026000037
4704445,143,24,2026-05-06,1778076300.0,Al-Wahda,Al Wasl,True,18.08333333333333,2,0.0,5,0.0,13.003472222222221,12.003472222222221,1.0,12.003472222222221,1,1,2,0,122.88942684564469,32.1,58.0,36.70607512374008
4704443,143,24,2026-05-06,1778085900.0,Shabab Al Ahly,Al Nasr Dubai,True,20.75,2,1.0,5,0.0,7.059027777777778,12.0,-4.940972222222222,7.059027777777778,1,1,2,0,0.0,30.9,46.0,31.723285442460057
4704444,143,24,2026-05-06,1778085900.0,Sharjah SC,Al Ain,True,20.75,2,1.0,5,0.0,13.114583333333334,13.0,0.11458333333333393,13.0,1,1,2,0,130.78020389360105,31.3,42.0,31.62607029238003
4709068,143,25,2026-05-10,1778426700.0,Al Ain,Al Dhafra,True,19.416666666666668,6,1.0,5,0.0,3.9444444444444446,4.944444444444445,-1.0,3.9444444444444446,2,2,4,0,216.86459568569282,32.0,21.0,30.03382507600001
4709070,143,25,2026-05-10,1778426700.0,Baniyas,Shabab Al Ahly,True,19.416666666666668,6,1.0,5,0.0,4.944444444444445,3.9444444444444446,1.0,3.9444444444444446,2,2,4,0,119.15268356769897,30.4,41.0,30.29019393616003
4709072,143,25,2026-05-10,1778426700.0,Al Bataeh,Sharjah SC,True,19.416666666666668,6,1.0,5,0.0,4.944444444444445,3.9444444444444446,1.0,3.9444444444444446,2,2,4,0,34.77443094856482,30.2,45.0,30.580090375839976
4709073,143,25,2026-05-10,1778426700.0,Dibba Al Fujairah,Ajman Club,True,19.416666666666668,6,1.0,5,0.0,4.944444444444445,5.055555555555555,-0.11111111111111072,4.944444444444445,2,2,4,0,78.71176759148446,34.0,30.0,33.285530836000035
4709069,143,25,2026-05-11,1778508600.0,Al Nasr Dubai,Kalba,True,18.166666666666668,0,0.0,5,0.0,4.892361111111111,5.892361111111111,-1.0,4.892361111111111,2,2,4,0,110.0000751726705,29.5,63.0,32.45048301399997
4709067,143,25,2026-05-11,1778517900.0,Jazira Abu Dhabi,Al Wasl,True,20.75,0,1.0,5,0.0,6.111111111111111,5.111111111111111,1.0,5.111111111111111,2,2,4,0,122.88942684564469,27.7,70.0,30.096950669340007
4709071,143,25,2026-05-11,1778517900.0,Khor Fakkan,Al-Wahda,True,20.75,0,1.0,5,0.0,6.0,5.111111111111111,0.8888888888888893,5.111111111111111,2,2,4,0,221.26241682966656,32.3,59.0,37.46914212808002
4713645,143,26,2026-05-15,1778854200.0,Sharjah SC,Khor Fakkan,True,18.166666666666668,4,0.0,5,0.0,4.947916666666667,3.892361111111111,1.0555555555555558,3.892361111111111,2,3,5,-1,92.56812333729964,30.7,52.0,32.50659885558002
4713646,143,26,2026-05-15,1778854200.0,Ajman Club,Al Nasr Dubai,True,18.166666666666668,4,0.0,5,0.0,4.947916666666667,4.0,0.947916666666667,4.0,2,3,5,-1,33.049645394573034,30.6,53.0,32.53140588304004
4713642,143,26,2026-05-15,1778863500.0,Al Wasl,Kalba,True,20.75,4,1.0,5,0.0,4.0,4.107638888888889,-0.10763888888888928,4.0,2,2,4,0,110.0000751726705,28.8,61.0,30.84557922383999
4713640,143,26,2026-05-16,1778945400.0,Al Dhafra,Al-Wahda,True,19.5,5,1.0,5,0.0,6.003472222222222,4.947916666666667,1.0555555555555554,4.947916666666667,2,2,4,0,112.78365244915787,33.3,25.0,31.71329858184
4713641,143,26,2026-05-16,1778945400.0,Jazira Abu Dhabi,Baniyas,True,19.5,5,1.0,5,0.0,4.947916666666667,6.003472222222222,-1.0555555555555554,4.947916666666667,2,2,4,0,30.482032492310047,29.4,68.0,33.213764619040035
4713643,143,26,2026-05-16,1778945400.0,Al Ain,Dibba Al Fujairah,True,19.5,5,1.0,5,0.0,6.003472222222222,6.003472222222222,0.0,6.003472222222222,2,2,4,0,163.02180601067596,34.8,20.0,32.82364738384
4713644,143,26,2026-05-16,1778945400.0,Shabab Al Ahly,Al Bataeh,True,19.5,5,1.0,5,0.0,6.003472222222222,6.003472222222222,0.0,6.003472222222222,3,2,5,1,48.46379237088114,28.7,75.0,32.96472157863999
4756581,144,1,2026-08-14,1786716600.0,Al Nasr Dubai,Kalba,True,18.166666666666668,4,0.0,8,0.0,30.0,30.0,0.0,30.0,0,0,0,0,110.0000751726705,36.1,62.0,49.595189256220024
4756612,144,1,2026-08-14,1786725900.0,Al-Wahda,Ajman Club,True,20.75,4,1.0,8,0.0,30.0,30.0,0.0,30.0,0,0,0,0,155.93896532239575,35.2,71.0,51.677248980640115
4756587,144,1,2026-08-15,1786803000.0,Al Dhafra,Sharjah SC,True,18.166666666666668,5,0.0,8,0.0,30.0,30.0,0.0,30.0,0,0,0,0,256.69873710187284,42.2,18.0,41.82949470976001
4756620,144,1,2026-08-15,1786812300.0,Al Wasl,Dubai United,True,20.75,5,1.0,8,0.0,30.0,,,30.0,0,0,0,0,0.0,34.1,84.0,55.057900772620044
4756628,144,1,2026-08-15,1786812300.0,Khor Fakkan,Shabab Al Ahly,True,20.75,5,1.0,8,0.0,30.0,30.0,0.0,30.0,0,0,0,0,108.74343410258551,34.5,81.0,54.96867154600007
4756604,144,1,2026-08-16,1786889400.0,Hatta Club,Jazira Abu Dhabi,True,18.166666666666668,6,0.0,8,0.0,,30.0,,30.0,0,0,0,0,179.98072760252475,35.5,61.0,47.088974166000014
4756597,144,1,2026-08-16,1786898700.0,Baniyas,Al Ain,True,20.75,6,1.0,8,0.0,30.0,30.0,0.0,30.0,0,0,0,0,113.52496443493267,37.2,45.0,43.844787348640025
4781144,144,2,2026-08-21,1787320800.0,Kalba,Al Wasl,True,18.0,4,0.0,8,0.0,6.993055555555555,5.885416666666667,1.1076388888888884,5.885416666666667,1,1,2,0,110.0000751726705,32.3,77.0,44.15185332568005
4781142,144,2,2026-08-21,1787330100.0,Al Nasr Dubai,Al-Wahda,True,20.58333333333333,4,1.0,8,0.0,7.100694444444445,6.993055555555555,0.10763888888888928,6.993055555555555,1,1,2,0,122.88942684564469,35.8,64.0,49.73091902447999
4781141,144,2,2026-08-22,1787407200.0,Shabab Al Ahly,Al Dhafra,True,18.0,5,0.0,8,0.0,6.885416666666667,6.993055555555555,-0.1076388888888884,6.885416666666667,1,1,2,0,234.89847040165964,38.7,44.0,47.15101431478006
4781143,144,2,2026-08-22,1787407200.0,Ajman Club,Hatta Club,True,18.0,5,0.0,8,0.0,7.885416666666667,5.993055555555555,1.8923611111111116,5.993055555555555,1,1,2,0,90.64449835584514,37.8,52.0,49.167571937279995
4781140,144,2,2026-08-22,1787416500.0,Al Ain,Khor Fakkan,True,20.58333333333333,5,1.0,8,0.0,5.993055555555555,6.993055555555555,-1.0,5.993055555555555,1,1,2,0,139.5420000257906,39.9,20.0,39.23506105846001
4781139,144,2,2026-08-23,1787493600.0,Baniyas,Dubai United,True,18.0,6,0.0,8,0.0,6.885416666666667,7.885416666666667,-1.0,6.885416666666667,1,1,2,0,119.15268356769897,41.2,27.0,44.06230278448001
4781138,144,2,2026-08-23,1787502900.0,Sharjah SC,Jazira Abu Dhabi,True,20.58333333333333,6,1.0,8,0.0,8.100694444444445,7.100694444444445,1.0,7.100694444444445,1,1,2,0,144.65502103751098,35.5,62.0,47.619957383500044
4781137,144,3,2026-08-28,1787925300.0,Dubai United,Kalba,True,17.916666666666668,4,0.0,8,0.0,4.996527777777778,6.996527777777778,-2.0,4.996527777777778,2,2,4,0,110.0000751726705,35.3,60.0,45.954194235339976
4781136,144,3,2026-08-28,1787934600.0,Al Wasl,Shabab Al Ahly,True,20.5,4,1.0,8,0.0,7.104166666666667,6.104166666666667,1.0,6.104166666666667,2,2,4,0,0.0,34.2,62.0,43.614582028480015
4781134,144,3,2026-08-29,1788011700.0,Khor Fakkan,Al Dhafra,True,17.916666666666668,5,0.0,8,0.0,6.888888888888889,6.996527777777778,-0.1076388888888884,6.888888888888889,2,2,4,0,326.70915096568467,34.4,76.0,51.510942764160035
4781135,144,3,2026-08-29,1788011700.0,Jazira Abu Dhabi,Ajman Club,True,17.916666666666668,5,0.0,8,0.0,5.888888888888889,6.996527777777778,-1.1076388888888884,5.888888888888889,2,2,4,0,155.93896532239575,36.4,56.0,47.203477680159985
4781131,144,3,2026-08-29,1788021000.0,Al Ain,Al Nasr Dubai,True,20.5,5,1.0,8,0.0,6.996527777777778,7.996527777777778,-1.0,6.996527777777778,2,2,4,0,120.78592526603711,39.5,18.0,38.134443071500016
4781132,144,3,2026-08-30,1788098100.0,Hatta Club,Sharjah SC,True,17.916666666666668,6,0.0,8,0.0,7.996527777777778,6.888888888888889,1.1076388888888884,6.888888888888889,2,2,4,0,92.7416008281838,42.5,15.0,41.10730465000001
4781133,144,3,2026-08-30,1788107400.0,Al-Wahda,Baniyas,True,20.5,6,1.0,8,0.0,8.996527777777779,7.104166666666667,1.8923611111111116,7.104166666666667,2,2,4,0,30.482032492310047,35.3,64.0,48.04219863438
4781130,144,4,2026-09-04,1788529500.0,Kalba,Al Ain,False,17.75,4,0.0,9,0.0,6.993055555555555,5.885416666666667,1.1076388888888884,5.885416666666667,3,3,6,0,111.89074474711185,32.6,69.0,41.814741817119994
4781129,144,4,2026-09-04,1788538500.0,Al Wasl,Khor Fakkan,False,20.25,4,1.0,9,0.0,6.989583333333333,6.097222222222222,0.8923611111111107,6.097222222222222,3,3,6,0,108.74343410258551,34.9,63.0,46.22404389064006
4781126,144,4,2026-09-05,1788615900.0,Sharjah SC,Dubai United,False,17.75,5,0.0,9,0.0,5.993055555555555,7.993055555555555,-2.0,5.993055555555555,3,3,6,0,21.80240372599536,36.0,60.0,48.138811456000006
4781127,144,4,2026-09-05,1788615900.0,Baniyas,Hatta Club,False,17.75,5,0.0,9,0.0,5.885416666666667,5.993055555555555,-0.1076388888888884,5.885416666666667,3,3,6,0,160.12199085267343,40.2,30.0,43.525918980640036
4781124,144,4,2026-09-05,1788624900.0,Shabab Al Ahly,Jazira Abu Dhabi,False,20.25,5,1.0,9,0.0,7.989583333333333,7.097222222222222,0.8923611111111107,7.097222222222222,3,3,6,0,122.88942684564469,35.1,67.0,49.00492812551999
4781125,144,4,2026-09-06,1788702300.0,Al Nasr Dubai,Ajman Club,False,17.75,6,0.0,9,0.0,7.885416666666667,7.993055555555555,-0.1076388888888884,7.885416666666667,2,2,4,0,33.049645394573034,36.8,54.0,47.31624255328002
4781128,144,4,2026-09-06,1788711300.0,Al Dhafra,Al-Wahda,False,20.25,6,1.0,9,0.0,8.097222222222221,6.989583333333333,1.1076388888888884,6.989583333333333,2,2,4,0,112.78365244915787,37.6,39.0,42.09346439632002
4820630,144,5,2026-09-10,1789047600.0,Dubai United,Shabab Al Ahly,False,17.666666666666668,3,0.0,9,0.0,4.996527777777778,4.892361111111111,0.10416666666666696,4.892361111111111,3,3,6,0,0.0,36.1,66.0,51.98887672246002
4820631,144,5,2026-09-10,1789047600.0,Jazira Abu Dhabi,Al Nasr Dubai,False,17.666666666666668,3,0.0,9,0.0,4.892361111111111,3.9965277777777777,0.895833333333333,3.9965277777777777,3,3,6,0,122.88942684564469,36.9,59.0,50.49340704472009
4820626,144,5,2026-09-10,1789056900.0,Al Ain,Al Wasl,False,20.25,3,1.0,9,0.0,6.104166666666667,6.0,0.10416666666666696,6.0,3,3,6,0,120.78592526603711,37.8,26.0,37.87912697103999
4820627,144,5,2026-09-11,1789134000.0,Khor Fakkan,Baniyas,False,17.666666666666668,4,0.0,9,0.0,6.892361111111111,5.996527777777778,0.895833333333333,5.996527777777778,3,3,6,0,207.54593983049315,34.6,54.0,41.28924627952001
4820628,144,5,2026-09-11,1789134000.0,Hatta Club,Al Dhafra,False,17.666666666666668,4,0.0,9,0.0,5.996527777777778,4.892361111111111,1.104166666666667,4.892361111111111,3,3,6,0,276.40920461111847,34.9,54.0,42.05600162422
4820625,144,5,2026-09-11,1789143300.0,Ajman Club,Kalba,False,20.25,4,1.0,9,0.0,5.104166666666667,7.104166666666667,-2.0,5.104166666666667,3,2,5,1,92.94223838685208,34.9,69.0,49.41051201112006
4820629,144,5,2026-09-11,1789143300.0,Al-Wahda,Sharjah SC,False,20.25,4,1.0,9,0.0,5.0,6.104166666666667,-1.104166666666667,5.0,3,3,6,0,144.65502103751098,34.9,68.0,48.856779920140035
