game_id,rec_h,rec_a,h_xg_all,h_npxg,h_xg_open,h_xg_openstr,h_xg_sp,h_xg_level,h_xgot_sum,h_pens,h_shots_n,a_xg_all,a_npxg,a_xg_open,a_xg_openstr,a_xg_sp,a_xg_level,a_xgot_sum,a_pens,a_shots_n
4214722,3,1,0.77,0.77,0.77,0.77,0.0,0.37,1.5500000000000005,0.0,8.0,0.25,0.25,0.22,0.2,0.03,0.02,0.54,0.0,8.0
4214723,5,4,1.35,1.35,1.3,1.15,0.05,0.67,3.32,0.0,16.0,0.76,0.76,0.5,0.5,0.26,0.13,2.5000000000000004,0.0,9.0
4214724,4,0,1.17,1.17,1.17,0.8200000000000001,0.0,0.18,2.1100000000000003,0.0,14.0,0.3,0.3,0.3,0.22,0.0,0.04,0.11,0.0,7.0
4214725,3,1,1.14,1.14,1.09,0.74,0.05,0.24,1.49,0.0,19.0,0.13,0.13,0.13,0.08,0.0,0.12,0.23,0.0,4.0
4214726,3,4,0.41,0.41,0.36,0.27,0.05,0.22,1.4300000000000002,0.0,4.0,2.89,2.89,2.59,2.37,0.3,0.3999999999999999,2.94,0.0,28.0
4214727,1,2,0.4800000000000001,0.4800000000000001,0.45,0.39,0.03,0.36,0.62,0.0,9.0,1.8800000000000003,1.8800000000000003,1.8800000000000003,1.8800000000000003,0.0,1.8800000000000003,2.21,0.0,12.0
4214728,1,2,0.77,0.77,0.54,0.5,0.23,0.56,0.76,0.0,11.0,1.8500000000000003,1.06,0.64,0.64,0.42,0.97,2.22,1.0,14.0
4215747,5,1,1.61,1.61,1.6,1.46,0.01,0.84,3.2900000000000005,0.0,16.0,2.22,1.4300000000000002,1.4300000000000002,1.3000000000000005,0.0,0.03,1.4900000000000002,1.0,14.0
4215748,2,2,0.96,0.96,0.95,0.62,0.01,0.58,2.04,0.0,14.0,1.2600000000000002,1.2600000000000002,1.2300000000000002,1.2300000000000002,0.03,0.85,1.5100000000000002,0.0,9.0
4215749,1,4,0.7700000000000001,0.7700000000000001,0.7700000000000001,0.7200000000000001,0.0,0.02,0.61,0.0,11.0,1.64,0.8500000000000001,0.6,0.6,0.25,0.12,2.56,1.0,12.0
4215750,0,2,0.7500000000000001,0.7500000000000001,0.7200000000000001,0.64,0.03,0.38,0.31,0.0,11.0,2.5500000000000003,1.7600000000000005,1.7600000000000005,1.6600000000000004,0.0,1.5200000000000005,3.99,1.0,21.0
4215751,4,2,1.8800000000000008,1.0900000000000003,1.0900000000000003,0.9900000000000004,0.0,0.44,3.29,1.0,22.0,0.7700000000000002,0.7700000000000002,0.7100000000000002,0.6500000000000001,0.06,0.1,0.54,0.0,15.0
4215752,0,2,1.2800000000000002,1.2800000000000002,0.9400000000000004,0.42,0.3399999999999999,0.6500000000000001,0.75,0.0,14.0,0.6799999999999999,0.6799999999999999,0.57,0.55,0.11,0.22,1.83,0.0,11.0
4215753,3,1,2.22,1.4300000000000002,1.4300000000000002,1.3600000000000003,0.0,0.0,2.85,1.0,15.0,1.02,1.02,0.95,0.83,0.07,0.02,0.27,0.0,21.0
4215754,3,1,1.53,1.53,1.53,1.35,0.0,0.49,2.2,0.0,10.0,0.5199999999999999,0.5199999999999999,0.4499999999999999,0.4499999999999999,0.07,0.26,1.6,0.0,7.0
4215755,1,6,0.3,0.3,0.24,0.1999999999999999,0.06,0.0,0.7000000000000001,0.0,11.0,4.42,3.63,2.73,1.7000000000000002,0.8999999999999999,1.61,5.430000000000001,1.0,14.0
4215756,3,0,0.7600000000000001,0.7600000000000001,0.7600000000000001,0.7500000000000001,0.0,0.09,2.05,0.0,11.0,1.2300000000000002,1.2300000000000002,1.09,0.8700000000000001,0.14,0.26,0.81,0.0,21.0
4215757,3,4,1.1700000000000002,1.1700000000000002,1.1700000000000002,1.0200000000000002,0.0,0.28,1.08,0.0,14.0,1.64,1.64,1.61,1.07,0.03,0.8300000000000001,2.19,0.0,17.0
4215758,1,5,0.29,0.29,0.29,0.29,0.0,0.03,0.76,0.0,4.0,3.24,2.45,2.3800000000000003,2.140000000000001,0.07,0.74,2.8000000000000003,1.0,26.0
4215759,1,2,0.8900000000000001,0.8900000000000001,0.8800000000000001,0.6200000000000001,0.01,0.3,0.89,0.0,18.0,1.3800000000000003,0.5900000000000001,0.5900000000000001,0.31,0.0,0.45,1.96,1.0,8.0
4215760,2,1,1.9,0.32,0.29,0.24,0.03,0.26,1.91,2.0,13.0,0.38,0.38,0.34,0.34,0.04,0.13,0.89,0.0,7.0
4224403,3,1,0.8700000000000001,0.8700000000000001,0.8700000000000001,0.8700000000000001,0.0,0.2,1.79,0.0,9.0,0.29,0.29,0.26,0.26,0.03,0.13,0.72,0.0,5.0
4225051,1,0,0.74,0.74,0.32,0.32,0.42,0.42,1.27,0.0,5.0,0.14,0.14,0.14,0.14,0.0,0.0,0.02,0.0,7.0
4225052,3,1,0.8200000000000001,0.8200000000000001,0.8200000000000001,0.51,0.0,0.08,1.37,0.0,7.0,0.4499999999999999,0.4499999999999999,0.4499999999999999,0.4499999999999999,0.0,0.0,0.8400000000000001,0.0,4.0
4225053,0,0,0.06,0.06,0.06,0.06,0.0,0.06,0.0,0.0,2.0,0.6800000000000002,0.6800000000000002,0.6800000000000002,0.53,0.0,0.6800000000000002,0.01,0.0,10.0
4225855,3,4,1.2800000000000002,0.49,0.43,0.41,0.06,0.02,1.93,1.0,10.0,2.5600000000000005,1.7700000000000002,1.64,1.56,0.13,0.21,3.8,1.0,21.0
4225856,2,1,1.65,0.8600000000000001,0.8600000000000001,0.7200000000000001,0.0,0.75,1.7,1.0,11.0,0.41,0.41,0.28,0.28,0.13,0.18,0.22,0.0,6.0
4248779,1,4,0.91,0.91,0.88,0.88,0.03,0.36,0.8,0.0,7.0,3.329999999999999,2.54,2.47,2.47,0.07,1.16,3.0499999999999994,1.0,10.0
4248780,3,0,1.7600000000000002,0.9700000000000002,0.7200000000000002,0.7000000000000002,0.25,0.04,2.1099999999999994,1.0,18.0,0.51,0.51,0.51,0.21,0.0,0.0,0.24,0.0,11.0
4248781,0,1,1.9500000000000004,1.16,0.99,0.7699999999999999,0.17,0.11,1.2999999999999998,1.0,17.0,1.0,1.0,1.0,0.8300000000000001,0.0,0.8,0.67,0.0,10.0
4248782,0,0,0.5099999999999999,0.5099999999999999,0.5099999999999999,0.26,0.0,0.5099999999999999,0.55,0.0,8.0,0.7200000000000001,0.7200000000000001,0.68,0.6000000000000001,0.04,0.7200000000000001,0.0,0.0,13.0
4248783,2,2,2.18,2.18,2.12,1.58,0.06,1.33,2.54,0.0,17.0,0.8700000000000001,0.8700000000000001,0.79,0.78,0.08,0.6200000000000001,1.5,0.0,11.0
4248784,1,1,0.6000000000000001,0.6000000000000001,0.56,0.55,0.04,0.21,0.5800000000000001,0.0,15.0,0.88,0.88,0.7100000000000001,0.64,0.17,0.35,0.37,0.0,11.0
4248785,3,1,1.08,1.08,1.08,1.04,0.0,0.7000000000000001,1.83,0.0,15.0,0.7800000000000001,0.7800000000000001,0.7500000000000001,0.5700000000000001,0.03,0.7800000000000001,0.3999999999999999,0.0,15.0
4248786,1,0,0.49,0.49,0.49,0.47,0.0,0.17,0.94,0.0,5.0,0.68,0.68,0.56,0.48,0.12,0.26,0.23,0.0,13.0
4248787,4,0,1.58,1.58,1.4900000000000002,1.12,0.09,0.67,1.95,0.0,12.0,0.4800000000000001,0.4800000000000001,0.31,0.19,0.1699999999999999,0.12,0.15,0.0,10.0
4248788,2,2,1.37,1.37,1.12,1.12,0.25,1.26,2.35,0.0,14.0,0.55,0.55,0.55,0.53,0.0,0.42,0.91,0.0,9.0
4248789,1,3,0.82,0.82,0.69,0.5700000000000001,0.13,0.03,0.89,0.0,11.0,2.9599999999999995,2.1699999999999995,2.01,1.2100000000000002,0.16,1.05,1.91,1.0,14.0
4248790,0,0,1.98,1.1900000000000002,1.14,1.14,0.05,1.1900000000000002,0.29,1.0,19.0,0.17,0.17,0.06,0.06,0.11,0.17,0.0,0.0,5.0
4248791,2,4,1.7700000000000002,1.7700000000000002,1.7600000000000002,1.16,0.01,0.0,1.39,0.0,13.0,3.41,3.41,2.870000000000001,1.81,0.54,0.4499999999999999,5.170000000000001,0.0,19.0
4248792,3,0,1.3400000000000003,1.3400000000000003,1.2100000000000002,1.14,0.13,0.4,2.28,0.0,15.0,0.9200000000000002,0.9200000000000002,0.8600000000000001,0.8500000000000001,0.06,0.0,0.66,0.0,11.0
4289098,4,0,3.61,3.61,2.7100000000000004,2.5600000000000005,0.9,0.7200000000000001,3.3000000000000003,0.0,24.0,0.6100000000000001,0.6100000000000001,0.6100000000000001,0.5700000000000001,0.0,0.28,0.22,0.0,8.0
4289099,1,1,1.5,0.71,0.17,0.17,0.54,0.09,0.7000000000000001,1.0,5.0,2.02,2.02,1.82,1.2100000000000002,0.2,0.78,2.03,0.0,25.0
4289101,3,1,2.43,1.64,1.5500000000000005,1.54,0.09,0.78,2.92,1.0,17.0,0.4499999999999999,0.4499999999999999,0.35,0.21,0.1,0.35,0.7999999999999999,0.0,8.0
4289102,1,1,1.04,1.04,0.99,0.98,0.05,0.7500000000000001,0.51,0.0,12.0,2.26,1.4700000000000004,1.4,1.04,0.07,0.36,1.5699999999999998,1.0,19.0
4289103,3,2,2.05,1.26,0.99,0.16,0.27,0.83,2.5500000000000003,1.0,8.0,2.7,2.7,1.6200000000000003,0.8000000000000003,1.08,0.0,2.79,0.0,15.0
4289104,0,1,0.7200000000000001,0.7200000000000001,0.5800000000000001,0.47,0.14,0.3999999999999999,1.97,0.0,10.0,1.46,0.6699999999999999,0.64,0.5900000000000001,0.03,0.6499999999999999,0.84,1.0,12.0
4289262,2,0,2.51,1.7200000000000004,1.3700000000000003,1.2100000000000002,0.35,1.0100000000000002,2.5700000000000003,1.0,19.0,0.15,0.15,0.1,0.06,0.05,0.12,0.06,0.0,5.0
4289263,6,0,3.23,3.23,2.0900000000000003,1.8600000000000003,1.14,0.58,4.430000000000001,0.0,21.0,0.98,0.19,0.19,0.15,0.0,0.0,0.08,1.0,5.0
4289264,4,1,2.45,1.66,1.54,1.54,0.12,0.24,2.97,1.0,19.0,0.51,0.51,0.51,0.51,0.0,0.0,0.88,0.0,5.0
4289265,0,0,0.7000000000000001,0.7000000000000001,0.61,0.48,0.09,0.7000000000000001,0.0999999999999999,0.0,13.0,0.3399999999999999,0.3399999999999999,0.3399999999999999,0.28,0.0,0.3399999999999999,0.17,0.0,9.0
4289266,5,2,1.86,1.86,1.48,1.38,0.38,0.5700000000000001,2.58,0.0,15.0,0.48,0.48,0.48,0.47,0.0,0.21,1.09,0.0,7.0
4289267,3,3,2.93,2.1399999999999992,2.1399999999999992,1.08,0.0,0.03,0.96,1.0,17.0,1.6000000000000003,1.6000000000000003,1.5400000000000005,1.3300000000000003,0.06,0.0,2.76,0.0,19.0
4289268,0,3,0.24,0.24,0.2,0.2,0.04,0.01,0.75,0.0,9.0,2.8999999999999995,2.8999999999999995,1.03,0.91,1.87,1.72,2.97,0.0,23.0
4289269,3,0,1.6300000000000003,1.6300000000000003,1.4300000000000002,1.39,0.2,0.45,2.8200000000000003,0.0,18.0,0.54,0.54,0.53,0.41,0.01,0.12,0.27,0.0,8.0
4289270,1,3,1.06,1.06,0.7300000000000002,0.6000000000000001,0.33,0.91,0.89,0.0,17.0,1.37,1.37,1.32,1.1700000000000002,0.05,0.5,2.43,0.0,17.0
4289271,3,1,1.59,1.59,1.39,1.14,0.2,0.13,2.03,0.0,19.0,1.1900000000000002,1.1900000000000002,1.14,0.6000000000000001,0.05,0.24,0.44,0.0,9.0
4289272,1,1,0.68,0.68,0.49,0.29,0.19,0.68,0.88,0.0,7.0,0.91,0.91,0.7100000000000001,0.67,0.1999999999999999,0.7600000000000001,0.92,0.0,13.0
4289273,2,0,1.03,1.03,1.02,0.91,0.01,0.24,1.39,0.0,12.0,0.3899999999999999,0.3899999999999999,0.3699999999999999,0.32,0.02,0.07,0.64,0.0,14.0
4289274,2,3,3.47,2.68,0.77,0.77,1.91,2.0200000000000005,3.78,1.0,12.0,1.4600000000000004,1.4600000000000004,0.7200000000000002,0.7200000000000002,0.74,0.35,2.02,0.0,19.0
4289275,0,2,0.51,0.51,0.48,0.3399999999999999,0.03,0.39,0.0,0.0,12.0,1.35,1.35,1.35,1.35,0.0,0.9200000000000002,1.76,0.0,15.0
4295056,0,0,0.5900000000000001,0.5900000000000001,0.49,0.35,0.1,0.5900000000000001,0.0,0.0,12.0,0.5000000000000001,0.5000000000000001,0.4600000000000001,0.3600000000000001,0.04,0.5000000000000001,0.13,0.0,9.0
4295057,3,1,2.62,1.8300000000000003,1.7500000000000002,1.4600000000000002,0.08,0.5700000000000001,2.3800000000000003,1.0,16.0,0.2799999999999999,0.2799999999999999,0.2799999999999999,0.2799999999999999,0.0,0.0,0.24,0.0,5.0
4295058,2,1,0.56,0.56,0.53,0.46,0.03,0.54,0.8300000000000001,0.0,10.0,1.3700000000000003,1.3700000000000003,1.3300000000000003,1.3300000000000003,0.04,1.2100000000000002,1.7700000000000005,0.0,14.0
4295059,3,1,1.7700000000000002,1.7700000000000002,1.63,1.1900000000000002,0.14,0.7700000000000001,2.43,0.0,25.0,0.91,0.91,0.5700000000000001,0.48,0.3399999999999999,0.29,1.36,0.0,9.0
4295060,2,3,1.29,1.29,1.06,0.4599999999999999,0.23,0.94,1.11,0.0,13.0,2.16,2.16,2.14,1.9100000000000004,0.02,1.03,2.71,0.0,20.0
4295061,2,1,0.52,0.52,0.38,0.38,0.14,0.41,0.81,0.0,5.0,2.0,2.0,1.1,0.85,0.9,2.0,1.53,0.0,15.0
4295062,4,5,0.95,0.95,0.95,0.84,0.0,0.13,1.57,0.0,11.0,1.11,1.11,1.04,0.83,0.07,0.6900000000000001,3.03,0.0,16.0
4295063,0,3,0.39,0.39,0.39,0.23,0.0,0.39,0.38,0.0,4.0,3.34,3.34,3.24,2.54,0.1,0.49,3.24,0.0,22.0
4295064,0,1,0.92,0.92,0.8400000000000001,0.6000000000000001,0.08,0.0,0.47,0.0,18.0,1.1700000000000002,1.1700000000000002,1.07,1.07,0.1,0.85,1.12,0.0,6.0
4295065,2,1,1.05,1.05,0.93,0.78,0.12,0.3999999999999999,0.91,0.0,19.0,0.6300000000000001,0.6300000000000001,0.6000000000000001,0.3999999999999999,0.03,0.2,0.25,0.0,9.0
4295066,4,3,3.38,1.8000000000000005,0.79,0.67,1.01,1.02,3.5700000000000003,2.0,13.0,1.8700000000000003,1.08,0.92,0.6900000000000001,0.16,0.15,1.82,1.0,20.0
4295067,1,1,2.770000000000001,2.770000000000001,2.680000000000001,2.1100000000000003,0.09,1.4100000000000006,2.91,0.0,35.0,1.07,0.2799999999999999,0.23,0.23,0.05,0.24,0.77,1.0,7.0
4295068,1,0,1.0800000000000003,1.0800000000000003,1.01,0.99,0.0699999999999999,0.09,1.13,0.0,15.0,0.1699999999999999,0.1699999999999999,0.1399999999999999,0.1399999999999999,0.03,0.0,0.02,0.0,3.0
4295069,1,3,1.1900000000000002,1.1900000000000002,1.15,1.11,0.04,0.16,0.96,0.0,11.0,2.46,1.6700000000000002,1.4200000000000002,1.39,0.25,0.81,2.73,1.0,12.0
4295070,2,2,0.71,0.71,0.69,0.1,0.02,0.25,1.09,0.0,5.0,2.18,2.18,2.18,1.4000000000000004,0.0,0.5900000000000001,1.95,0.0,22.0
4295071,0,2,1.8100000000000005,1.8100000000000005,1.65,0.99,0.16,1.2300000000000002,2.18,0.0,20.0,1.56,1.56,1.4700000000000002,1.38,0.09,0.52,1.23,0.0,12.0
4295072,1,2,1.93,1.14,0.78,0.6000000000000001,0.36,0.37,2.31,1.0,19.0,0.69,0.69,0.45,0.41,0.24,0.4499999999999999,1.5700000000000005,0.0,12.0
4295073,0,1,0.32,0.32,0.28,0.28,0.04,0.0,0.13,0.0,6.0,0.5900000000000001,0.5900000000000001,0.56,0.43,0.03,0.26,1.48,0.0,6.0
4295074,0,1,1.3600000000000003,1.3600000000000003,1.2900000000000005,1.11,0.07,0.0699999999999999,0.96,0.0,24.0,1.04,0.25,0.25,0.1999999999999999,0.0,0.07,1.02,1.0,6.0
4295075,4,1,1.3,1.3,1.21,1.21,0.09,0.14,2.12,0.0,13.0,0.8300000000000001,0.8300000000000001,0.8300000000000001,0.53,0.0,0.0,0.89,0.0,10.0
4295076,2,1,2.15,2.15,2.11,1.41,0.04,2.05,1.61,0.0,10.0,0.98,0.98,0.66,0.42,0.32,0.66,0.42,0.0,11.0
4295077,0,2,1.6000000000000008,1.6000000000000008,1.2800000000000005,1.06,0.32,0.25,0.84,0.0,27.0,1.16,1.16,1.05,1.0,0.11,0.13,1.5699999999999998,0.0,11.0
4295078,4,2,1.91,1.12,1.09,1.06,0.03,0.11,3.85,1.0,16.0,0.98,0.98,0.8800000000000001,0.7000000000000001,0.1,0.35,1.53,0.0,15.0
4295079,0,0,0.5700000000000001,0.5700000000000001,0.49,0.39,0.08,0.5700000000000001,0.64,0.0,11.0,0.4,0.4,0.32,0.27,0.08,0.4,0.51,0.0,6.0
4295080,2,0,1.26,1.26,1.16,1.16,0.1,0.96,1.2999999999999998,0.0,12.0,0.7800000000000001,0.7800000000000001,0.7500000000000001,0.65,0.03,0.7800000000000001,0.3999999999999999,0.0,11.0
4295081,0,0,0.6700000000000002,0.6700000000000002,0.6500000000000001,0.35,0.02,0.6700000000000002,0.8,0.0,10.0,0.4100000000000001,0.4100000000000001,0.26,0.26,0.15,0.4100000000000001,0.09,0.0,11.0
4295082,1,0,2.28,2.28,2.14,2.12,0.14,1.5100000000000002,0.89,0.0,17.0,0.41,0.41,0.37,0.29,0.04,0.28,0.23,0.0,7.0
4295083,3,2,3.62,3.62,3.58,3.3800000000000003,0.04,0.24,3.63,0.0,28.0,1.7200000000000002,1.7200000000000002,1.54,1.54,0.18,0.7799999999999999,1.31,0.0,10.0
4352235,0,1,1.2700000000000002,1.2700000000000002,1.1700000000000002,1.1700000000000002,0.1,0.5800000000000001,0.6,0.0,15.0,1.4000000000000004,1.4000000000000004,1.3200000000000005,0.53,0.08,0.9900000000000002,0.96,0.0,14.0
4352236,2,3,0.5599999999999999,0.5599999999999999,0.3399999999999999,0.3399999999999999,0.22,0.03,1.4899999999999998,0.0,9.0,1.6700000000000002,1.6700000000000002,1.65,1.13,0.02,0.52,3.2,0.0,15.0
4352237,3,0,1.27,1.27,1.21,0.96,0.06,0.29,1.97,0.0,12.0,0.8400000000000002,0.8400000000000002,0.8200000000000002,0.8200000000000002,0.02,0.0,0.32,0.0,16.0
4352238,3,1,1.0500000000000005,1.0500000000000005,0.8200000000000001,0.6100000000000001,0.23,0.25,1.91,0.0,21.0,0.31,0.31,0.16,0.16,0.15,0.08,0.19,0.0,6.0
4352239,2,2,1.49,1.49,1.49,1.15,0.0,0.53,1.6900000000000004,0.0,15.0,2.3600000000000003,2.3600000000000003,0.82,0.82,1.54,0.51,2.43,0.0,13.0
4352240,0,1,0.2499999999999999,0.2499999999999999,0.2499999999999999,0.2499999999999999,0.0,0.03,0.02,0.0,6.0,1.32,1.32,1.28,0.6,0.04,0.18,0.24,0.0,9.0
4352241,0,1,0.44,0.44,0.36,0.35,0.08,0.14,0.23,0.0,10.0,0.8100000000000002,0.8100000000000002,0.7100000000000002,0.5700000000000001,0.1,0.67,1.5,0.0,19.0
4352242,1,0,1.39,1.39,1.32,1.28,0.07,1.0399999999999998,1.0499999999999998,0.0,15.0,0.5900000000000001,0.5900000000000001,0.55,0.55,0.04,0.12,0.19,0.0,14.0
4352664,2,2,0.9800000000000002,0.9800000000000002,0.8200000000000002,0.8200000000000002,0.16,0.7800000000000001,1.03,0.0,16.0,1.7599999999999998,0.97,0.63,0.63,0.34,0.31,1.98,1.0,11.0
4352665,0,5,0.52,0.52,0.43,0.38,0.09,0.0,0.81,0.0,8.0,2.03,2.03,1.5000000000000004,1.2300000000000002,0.53,0.38,2.4599999999999995,0.0,22.0
4352666,1,1,0.49,0.49,0.4599999999999999,0.35,0.03,0.22,0.15,0.0,12.0,1.12,1.12,1.0700000000000005,0.99,0.05,1.02,1.09,0.0,13.0
4352667,2,1,0.6400000000000001,0.6400000000000001,0.6200000000000001,0.5399999999999999,0.02,0.5399999999999999,0.46,0.0,9.0,1.3300000000000003,1.3300000000000003,1.12,1.04,0.21,1.0300000000000002,1.4500000000000004,0.0,22.0
4352668,1,1,1.6700000000000004,0.8800000000000001,0.79,0.7000000000000001,0.09,0.41,1.29,1.0,14.0,1.8300000000000003,1.04,1.0,0.99,0.04,0.38,1.38,1.0,12.0
4352669,0,1,0.96,0.96,0.53,0.5000000000000001,0.43,0.26,0.22,0.0,13.0,1.14,0.35,0.35,0.3,0.0,0.27,1.19,1.0,8.0
4352670,2,2,0.73,0.73,0.73,0.73,0.0,0.73,0.8300000000000001,0.0,7.0,0.25,0.25,0.2,0.19,0.05,0.0699999999999999,0.86,0.0,7.0
4352671,0,0,0.5700000000000001,0.5700000000000001,0.44,0.44,0.13,0.5700000000000001,0.19,0.0,8.0,0.8900000000000001,0.8900000000000001,0.73,0.54,0.16,0.8900000000000001,0.41,0.0,15.0
4352672,1,2,2.0600000000000005,2.0600000000000005,1.9200000000000008,1.5000000000000009,0.14,0.52,0.99,0.0,30.0,0.8800000000000001,0.8800000000000001,0.81,0.72,0.07,0.48,1.32,0.0,8.0
4352673,0,0,0.49,0.49,0.3299999999999999,0.29,0.16,0.49,0.15,0.0,11.0,1.3300000000000003,0.5399999999999999,0.4899999999999999,0.44,0.05,0.5399999999999999,1.24,1.0,12.0
4352674,3,2,1.53,1.53,1.36,1.34,0.17,0.95,1.79,0.0,9.0,2.9500000000000006,2.9500000000000006,2.9200000000000004,2.44,0.03,1.62,2.83,0.0,29.0
4352675,2,0,2.3,1.5099999999999998,1.5099999999999998,1.34,0.0,0.3399999999999999,1.04,1.0,15.0,1.2300000000000002,1.2300000000000002,1.15,1.15,0.08,0.01,0.04,0.0,12.0
4352676,0,1,0.61,0.61,0.2699999999999999,0.2699999999999999,0.34,0.07,0.09,0.0,11.0,1.63,1.63,1.59,1.1700000000000002,0.04,1.14,1.6400000000000003,0.0,15.0
4352677,0,1,1.8500000000000003,1.06,1.0,0.8900000000000001,0.06,0.14,1.13,1.0,13.0,1.6100000000000003,0.8200000000000003,0.8200000000000003,0.6300000000000001,0.0,0.45,0.25,1.0,15.0
4352678,2,1,2.45,2.45,2.4000000000000004,2.02,0.05,2.17,2.37,0.0,23.0,1.14,1.14,0.98,0.98,0.16,0.58,1.36,0.0,10.0
4352679,1,0,0.68,0.68,0.48,0.48,0.2,0.51,1.2000000000000002,0.0,9.0,1.4600000000000004,1.4600000000000004,1.3600000000000003,1.25,0.1,0.75,0.14,0.0,16.0
4352680,2,0,3.139999999999999,2.35,1.66,1.5900000000000003,0.6900000000000002,0.8499999999999999,2.51,1.0,30.0,0.28,0.28,0.28,0.11,0.0,0.1,0.3,0.0,7.0
4352681,1,0,2.89,1.3100000000000005,1.2200000000000004,1.05,0.09,1.2600000000000005,1.92,2.0,20.0,0.5,0.5,0.5,0.49,0.0,0.5,0.25,0.0,7.0
4352682,2,1,1.8600000000000003,1.07,1.02,0.95,0.05,0.05,1.31,1.0,11.0,2.36,2.36,2.36,2.14,0.0,0.02,0.98,0.0,15.0
4352683,2,1,2.08,2.08,1.7800000000000002,1.32,0.3,1.0400000000000005,2.32,0.0,24.0,0.47,0.47,0.47,0.45,0.0,0.47,0.64,0.0,4.0
4352684,0,1,0.03,0.03,0.01,0.01,0.02,0.03,0.01,0.0,2.0,0.93,0.93,0.93,0.7900000000000001,0.0,0.7499999999999999,0.8400000000000001,0.0,16.0
4352685,2,1,1.3200000000000005,1.3200000000000005,1.2000000000000002,1.1700000000000002,0.12,1.0300000000000002,1.6,0.0,12.0,2.91,2.91,1.97,1.7400000000000002,0.94,2.24,3.73,0.0,23.0
4352686,0,0,0.76,0.76,0.31,0.31,0.45,0.76,0.7100000000000001,0.0,16.0,0.4599999999999999,0.4599999999999999,0.39,0.39,0.07,0.4599999999999999,0.07,0.0,9.0
4352687,0,3,0.6900000000000001,0.6900000000000001,0.61,0.59,0.08,0.13,0.4,0.0,13.0,1.02,1.02,0.8,0.67,0.22,0.35,1.9,0.0,14.0
4352688,2,3,2.1500000000000004,1.36,0.67,0.67,0.69,0.3,1.41,1.0,15.0,0.97,0.97,0.94,0.91,0.03,0.27,1.96,0.0,12.0
4352689,3,0,2.5,0.92,0.87,0.87,0.05,0.6399999999999999,3.0,2.0,15.0,0.11,0.11,0.11,0.1,0.0,0.11,0.01,0.0,2.0
4352690,0,1,1.58,1.58,1.52,1.09,0.06,0.3,0.52,0.0,19.0,0.49,0.49,0.49,0.49,0.0,0.49,0.68,0.0,1.0
4398451,2,2,2.01,2.01,2.01,1.14,0.0,1.36,2.46,0.0,17.0,2.1,2.1,1.77,1.6,0.33,0.45,1.48,0.0,24.0
4398452,3,0,2.16,2.16,2.1,1.7000000000000002,0.06,0.41,2.309999999999999,0.0,26.0,0.3,0.3,0.3,0.16,0.0,0.13,0.0,0.0,4.0
4398453,1,2,0.9200000000000002,0.9200000000000002,0.8800000000000001,0.8600000000000001,0.04,0.2799999999999999,0.45,0.0,13.0,2.6700000000000004,2.6700000000000004,2.64,2.64,0.03,2.0800000000000005,1.4,0.0,19.0
4398454,1,2,0.7200000000000001,0.7200000000000001,0.66,0.5700000000000001,0.06,0.65,0.1899999999999999,0.0,11.0,1.56,1.56,1.56,1.37,0.0,1.01,2.48,0.0,17.0
4398455,2,4,1.73,1.73,1.7,0.68,0.03,0.21,1.73,0.0,11.0,1.64,1.64,1.34,1.05,0.3,0.12,1.43,0.0,19.0
4398456,1,1,1.2500000000000002,1.2500000000000002,1.2000000000000002,1.15,0.05,0.39,0.64,0.0,10.0,1.9,1.9,1.7900000000000005,1.16,0.11,1.5200000000000002,1.3,0.0,13.0
4398675,2,1,0.8500000000000001,0.8500000000000001,0.8,0.33,0.05,0.8,1.37,0.0,10.0,0.64,0.64,0.64,0.51,0.0,0.14,0.36,0.0,10.0
4404792,3,0,1.91,1.91,1.66,0.89,0.25,0.36,2.11,0.0,7.0,1.4400000000000004,1.4400000000000004,1.3600000000000003,0.65,0.08,0.03,0.0,0.0,13.0
4404793,1,0,1.14,0.35,0.35,0.32,0.0,0.29,1.09,1.0,12.0,0.15,0.15,0.12,0.11,0.03,0.0,0.01,0.0,5.0
4404794,1,1,1.04,1.04,0.96,0.8400000000000001,0.08,0.52,1.33,0.0,15.0,0.62,0.62,0.5800000000000001,0.56,0.04,0.27,0.41,0.0,8.0
4404795,2,1,0.8599999999999999,0.8599999999999999,0.8599999999999999,0.8599999999999999,0.0,0.1,1.11,0.0,9.0,1.7100000000000002,1.7100000000000002,1.56,1.19,0.15,0.25,2.08,0.0,16.0
4404796,2,3,0.95,0.95,0.84,0.77,0.11,0.67,0.82,0.0,11.0,2.38,1.59,1.54,1.54,0.05,0.13,2.36,1.0,15.0
4404797,3,3,0.79,0.79,0.79,0.72,0.0,0.6,1.98,0.0,7.0,2.83,2.83,2.83,1.93,0.0,1.02,2.01,0.0,21.0
4404798,2,1,1.7900000000000005,1.7900000000000005,1.7900000000000005,1.04,0.0,0.8800000000000001,0.88,0.0,24.0,0.38,0.38,0.3199999999999999,0.25,0.06,0.21,0.16,0.0,10.0
4404799,1,3,0.74,0.74,0.61,0.51,0.13,0.2299999999999999,0.15,0.0,7.0,1.67,1.67,1.67,1.67,0.0,0.44,2.63,0.0,7.0
4404800,4,0,2.56,1.77,1.69,1.56,0.08,0.7,2.5200000000000005,1.0,24.0,0.37,0.37,0.37,0.37,0.0,0.3399999999999999,0.0,0.0,3.0
4404801,1,2,1.9600000000000009,1.9600000000000009,1.9600000000000009,0.8700000000000001,0.0,1.8800000000000008,0.76,0.0,21.0,1.5800000000000003,1.5800000000000003,1.4300000000000002,0.7700000000000002,0.15,0.53,1.71,0.0,18.0
4404802,0,1,1.1300000000000003,1.1300000000000003,1.1300000000000003,0.96,0.0,1.1300000000000003,0.15,0.0,11.0,2.140000000000001,2.140000000000001,1.9200000000000004,1.5700000000000005,0.22,1.9400000000000004,0.34,0.0,21.0
4404803,0,3,0.2499999999999999,0.2499999999999999,0.15,0.15,0.1,0.0999999999999999,0.34,0.0,6.0,2.12,2.12,2.12,2.09,0.0,0.31,2.55,0.0,15.0
4404804,4,0,2.99,2.99,2.99,2.92,0.0,0.99,3.830000000000001,0.0,17.0,1.15,1.15,0.35,0.33,0.8,0.9,0.41,0.0,8.0
4404805,1,1,0.57,0.57,0.5,0.5,0.07,0.18,0.84,0.0,7.0,1.5100000000000002,1.5100000000000002,1.4,1.2700000000000002,0.11,1.1800000000000002,1.26,0.0,22.0
4419962,1,1,0.4,0.4,0.4,0.4,0.0,0.4,1.48,0.0,4.0,1.5600000000000005,1.5600000000000005,1.4900000000000002,1.32,0.07,1.12,0.6,0.0,20.0
4419963,2,3,2.42,0.8400000000000001,0.56,0.55,0.2799999999999999,0.0,1.99,2.0,11.0,1.12,1.12,1.12,1.12,0.0,0.17,1.25,0.0,10.0
4419964,1,2,0.77,0.77,0.77,0.5800000000000001,0.0,0.3,1.5699999999999998,0.0,10.0,1.87,1.87,1.7800000000000002,1.69,0.09,1.3199999999999998,1.43,0.0,15.0
4419965,0,3,0.36,0.36,0.36,0.3,0.0,0.1999999999999999,0.19,0.0,6.0,1.98,1.1900000000000002,0.8700000000000001,0.32,0.32,0.52,1.83,1.0,14.0
4419966,2,0,0.57,0.57,0.54,0.26,0.03,0.03,1.89,0.0,8.0,0.5900000000000001,0.5900000000000001,0.21,0.16,0.38,0.0,0.13,0.0,12.0
4419967,3,3,0.9000000000000002,0.9000000000000002,0.8300000000000002,0.8300000000000002,0.07,0.5900000000000001,1.14,0.0,10.0,4.01,2.43,2.12,1.4800000000000004,0.31,0.7900000000000001,3.5,2.0,25.0
4419968,0,2,0.25,0.25,0.21,0.21,0.04,0.13,0.48,0.0,5.0,1.14,1.14,1.1,0.81,0.04,0.43,1.23,0.0,14.0
4424982,3,2,2.97,1.39,1.39,1.37,0.0,1.33,2.04,2.0,11.0,1.9100000000000008,1.9100000000000008,1.67,1.58,0.24,0.36,1.0,0.0,19.0
4424983,2,4,1.08,1.08,1.08,0.96,0.0,0.2,1.53,0.0,6.0,1.13,1.13,0.98,0.93,0.15,0.13,1.4,0.0,11.0
4424984,1,3,0.4800000000000001,0.4800000000000001,0.4600000000000001,0.3399999999999999,0.02,0.22,0.05,0.0,10.0,1.19,0.4,0.4,0.4,0.0,0.3399999999999999,1.29,1.0,12.0
4424985,3,1,3.5,3.5,2.17,1.9,1.33,0.31,1.66,0.0,25.0,0.42,0.42,0.3399999999999999,0.3399999999999999,0.08,0.21,0.25,0.0,6.0
4424986,2,2,2.03,1.24,1.24,1.2300000000000002,0.0,0.28,1.94,1.0,17.0,0.37,0.37,0.3,0.3,0.07,0.29,0.63,0.0,6.0
4424987,2,3,2.1100000000000008,2.1100000000000008,1.6600000000000006,1.4300000000000002,0.45,0.0,1.5699999999999998,0.0,29.0,0.72,0.72,0.71,0.71,0.01,0.04,1.28,0.0,8.0
4424988,0,0,1.3400000000000003,1.3400000000000003,1.2100000000000002,1.08,0.13,1.3400000000000003,0.36,0.0,19.0,0.27,0.27,0.24,0.17,0.03,0.27,0.01,0.0,6.0
4427197,4,1,1.08,0.29,0.29,0.2299999999999999,0.0,0.12,2.62,1.0,9.0,0.26,0.26,0.26,0.26,0.0,0.17,0.0,0.0,5.0
4427198,1,2,0.92,0.92,0.92,0.55,0.0,0.26,0.4599999999999999,0.0,12.0,1.4,0.6100000000000001,0.18,0.18,0.43,0.5,1.79,1.0,5.0
4427199,2,2,1.04,1.04,1.0,0.95,0.04,0.74,0.94,0.0,12.0,1.3800000000000003,0.5900000000000001,0.26,0.1699999999999999,0.3299999999999999,0.19,2.2,1.0,10.0
4427200,4,1,2.41,2.41,2.35,2.35,0.06,1.13,2.77,0.0,17.0,0.24,0.24,0.22,0.16,0.02,0.02,0.22,0.0,5.0
4427201,1,3,0.4,0.4,0.37,0.37,0.03,0.06,0.51,0.0,9.0,1.65,0.86,0.86,0.76,0.0,0.19,1.73,1.0,12.0
4427202,1,2,1.2,1.2,1.2,1.13,0.0,0.63,0.47,0.0,13.0,1.7700000000000005,1.7700000000000005,1.7100000000000004,1.1700000000000004,0.06,0.8500000000000003,0.82,0.0,17.0
4427203,0,2,0.55,0.55,0.55,0.55,0.0,0.0,0.52,0.0,7.0,1.8900000000000003,1.1,1.1,0.5700000000000001,0.0,0.07,2.11,1.0,12.0
4476443,2,0,1.1900000000000004,1.1900000000000004,1.0700000000000005,1.03,0.12,0.04,0.9,0.0,12.0,0.53,0.53,0.44,0.34,0.09,0.01,0.04,0.0,7.0
4476444,0,2,0.55,0.55,0.55,0.55,0.0,0.27,0.75,0.0,5.0,1.86,1.07,1.02,0.8500000000000001,0.05,0.21,1.4200000000000002,1.0,15.0
4476445,1,3,0.6900000000000002,0.6900000000000002,0.41,0.36,0.28,0.05,0.7200000000000001,0.0,9.0,2.18,2.18,2.13,1.32,0.05,0.44,1.87,0.0,16.0
4476446,2,1,1.04,1.04,0.69,0.6599999999999999,0.35,0.73,1.95,0.0,12.0,0.9,0.11,0.11,0.11,0.0,0.11,0.93,1.0,4.0
4476447,0,1,1.31,1.31,1.15,0.98,0.16,0.61,0.38,0.0,12.0,1.03,1.03,1.0,0.98,0.03,0.98,0.15,0.0,11.0
4476448,3,2,1.31,1.31,1.2600000000000002,1.2200000000000002,0.05,0.31,2.44,0.0,8.0,2.89,1.3100000000000005,1.3000000000000005,1.08,0.01,0.42,1.96,2.0,19.0
4476449,3,0,1.7800000000000002,1.7800000000000002,1.7800000000000002,1.7800000000000002,0.0,0.21,1.9,0.0,12.0,0.13,0.13,0.05,0.05,0.08,0.03,0.0,0.0,4.0
4490876,1,0,1.07,1.07,0.8899999999999999,0.8899999999999999,0.18,0.87,0.59,0.0,11.0,0.34,0.34,0.19,0.19,0.15,0.15,0.14,0.0,5.0
4490877,2,1,0.62,0.62,0.62,0.61,0.0,0.61,1.33,0.0,3.0,1.04,1.04,0.72,0.49,0.32,0.22,1.04,0.0,9.0
4490878,3,1,0.46,0.46,0.46,0.46,0.0,0.33,1.16,0.0,5.0,2.3000000000000007,2.3000000000000007,1.7600000000000002,1.7600000000000002,0.54,0.64,2.01,0.0,17.0
4490879,0,0,1.08,1.08,1.01,0.43,0.07,1.08,0.0,0.0,12.0,0.21,0.21,0.21,0.16,0.0,0.21,0.6000000000000001,0.0,5.0
4490880,2,5,1.33,1.33,1.01,0.94,0.32,0.13,1.63,0.0,13.0,1.6100000000000003,1.6100000000000003,1.6100000000000003,1.6100000000000003,0.0,1.11,2.8600000000000003,0.0,15.0
4490881,0,1,0.47,0.47,0.45,0.45,0.02,0.3,0.16,0.0,9.0,0.8000000000000003,0.8000000000000003,0.6399999999999999,0.5999999999999999,0.16,0.6100000000000001,0.3399999999999999,0.0,18.0
4490882,0,1,0.24,0.24,0.18,0.16,0.06,0.22,0.03,0.0,8.0,1.03,0.24,0.12,0.12,0.12,0.24,1.17,1.0,5.0
4532372,0,0,0.56,0.56,0.56,0.49,0.0,0.56,0.8300000000000001,0.0,10.0,1.57,1.57,1.33,1.25,0.24,1.57,0.41,0.0,17.0
4532373,2,2,1.36,0.5700000000000001,0.5700000000000001,0.5700000000000001,0.0,0.37,1.48,1.0,4.0,2.97,1.3900000000000006,1.3500000000000003,1.3500000000000003,0.04,0.67,1.58,2.0,24.0
4532374,2,1,0.78,0.78,0.76,0.6600000000000001,0.02,0.6400000000000001,1.7200000000000002,0.0,12.0,0.95,0.95,0.8,0.74,0.15,0.5299999999999999,0.55,0.0,8.0
4532375,1,0,1.6600000000000004,1.6600000000000004,1.14,1.09,0.52,1.6400000000000003,1.03,0.0,15.0,1.05,0.26,0.26,0.26,0.0,0.06,0.11,1.0,7.0
4532376,1,0,1.8000000000000005,1.8000000000000005,1.7000000000000002,1.7000000000000002,0.1,0.5800000000000001,0.95,0.0,18.0,0.46,0.46,0.4,0.3399999999999999,0.06,0.07,0.05,0.0,11.0
4532377,5,2,2.18,1.39,1.39,1.37,0.0,0.59,2.27,1.0,16.0,0.7000000000000001,0.7000000000000001,0.5200000000000001,0.3400000000000001,0.18,0.04,0.69,0.0,10.0
4532378,1,1,0.6499999999999999,0.6499999999999999,0.4099999999999999,0.38,0.24,0.62,0.19,0.0,6.0,0.5900000000000001,0.5900000000000001,0.4,0.4,0.19,0.37,0.61,0.0,9.0
4532379,0,0,0.6300000000000001,0.6300000000000001,0.52,0.3500000000000001,0.11,0.6300000000000001,0.1,0.0,16.0,0.77,0.77,0.72,0.6700000000000002,0.05,0.77,0.17,0.0,11.0
4532380,0,4,0.4399999999999999,0.4399999999999999,0.4399999999999999,0.29,0.0,0.21,0.14,0.0,6.0,1.9200000000000004,1.13,0.8700000000000001,0.8700000000000001,0.26,0.21,3.14,1.0,15.0
4532381,2,2,1.3,1.3,1.1,0.6,0.2,0.4,0.7100000000000001,0.0,13.0,0.8700000000000001,0.8700000000000001,0.8700000000000001,0.5499999999999999,0.0,0.36,0.89,0.0,11.0
4532382,3,0,2.6000000000000005,1.8100000000000005,1.3700000000000003,1.32,0.44,0.72,2.38,1.0,20.0,0.49,0.49,0.49,0.49,0.0,0.04,0.04,0.0,8.0
4532383,0,2,1.09,1.09,1.09,0.93,0.0,1.09,0.5800000000000001,0.0,8.0,1.98,1.98,1.89,1.73,0.09,1.8100000000000005,1.96,0.0,18.0
4532384,0,1,0.37,0.37,0.23,0.23,0.14,0.17,0.05,0.0,10.0,1.4300000000000002,1.4300000000000002,1.07,1.03,0.36,0.73,0.63,0.0,13.0
4532385,0,1,0.7400000000000002,0.7400000000000002,0.52,0.4700000000000001,0.22,0.35,0.18,0.0,12.0,1.81,1.81,1.75,1.5499999999999998,0.06,1.13,2.07,0.0,11.0
4532386,2,4,1.13,0.3399999999999999,0.3399999999999999,0.3399999999999999,0.0,0.3399999999999999,1.89,1.0,5.0,2.880000000000001,2.880000000000001,2.7700000000000005,1.85,0.11,0.7700000000000002,3.08,0.0,32.0
4532387,0,1,0.5800000000000001,0.5800000000000001,0.4499999999999999,0.4499999999999999,0.13,0.18,0.0,0.0,8.0,0.47,0.47,0.3399999999999999,0.3399999999999999,0.13,0.16,0.0,0.0,5.0
4532388,0,1,1.9800000000000004,1.1900000000000004,1.1000000000000003,1.0500000000000005,0.09,0.8500000000000001,0.55,1.0,21.0,1.09,1.09,1.05,0.99,0.04,1.06,0.29,0.0,10.0
4532389,2,1,1.65,1.65,1.53,1.53,0.12,1.27,1.57,0.0,14.0,0.42,0.42,0.42,0.41,0.0,0.1399999999999999,0.62,0.0,8.0
4532390,0,1,0.6100000000000001,0.6100000000000001,0.3899999999999999,0.3899999999999999,0.22,0.6100000000000001,0.33,0.0,8.0,1.5800000000000003,0.7900000000000003,0.4600000000000001,0.39,0.33,0.7900000000000003,1.13,1.0,13.0
4532391,3,1,1.86,1.86,1.65,1.61,0.21,0.23,2.9000000000000004,0.0,15.0,0.14,0.14,0.08,0.08,0.06,0.06,0.82,0.0,4.0
4532392,1,1,1.95,1.95,1.5700000000000005,1.2600000000000002,0.3799999999999999,1.36,3.02,0.0,18.0,0.9000000000000001,0.9000000000000001,0.8400000000000001,0.81,0.06,0.37,0.6599999999999999,0.0,12.0
4532530,2,3,1.04,1.04,1.04,0.8699999999999999,0.0,0.79,0.33,0.0,9.0,1.2200000000000002,1.2200000000000002,1.2100000000000002,1.1,0.01,0.34,2.33,0.0,13.0
4532531,1,1,0.9000000000000001,0.9000000000000001,0.9000000000000001,0.9000000000000001,0.0,0.4599999999999999,0.6000000000000001,0.0,9.0,2.17,2.17,1.8500000000000003,1.3800000000000003,0.3199999999999999,0.6500000000000001,2.17,0.0,25.0
4532532,2,0,0.9,0.9,0.85,0.7300000000000001,0.05,0.6299999999999999,0.53,0.0,16.0,0.4499999999999999,0.4499999999999999,0.42,0.42,0.03,0.07,0.18,0.0,8.0
4532533,3,0,1.7700000000000002,1.7700000000000002,1.6700000000000002,1.6700000000000002,0.1,0.09,1.98,0.0,13.0,0.6100000000000001,0.6100000000000001,0.56,0.37,0.05,0.0,0.03,0.0,9.0
4532534,1,0,1.0900000000000003,1.0900000000000003,1.0500000000000005,0.8800000000000001,0.04,0.43,1.14,0.0,13.0,0.4900000000000001,0.4900000000000001,0.4900000000000001,0.4600000000000001,0.0,0.2,0.16,0.0,13.0
4532535,3,2,2.04,1.2500000000000002,1.11,1.04,0.14,0.22,1.37,1.0,17.0,1.22,0.43,0.25,0.25,0.18,0.18,1.64,1.0,6.0
4532536,4,0,2.18,1.39,1.39,0.98,0.0,0.3,2.81,1.0,14.0,0.1699999999999999,0.1699999999999999,0.05,0.05,0.12,0.0,0.14,0.0,3.0
4532537,0,3,0.04,0.04,0.04,0.04,0.0,0.01,0.04,0.0,3.0,2.0000000000000004,1.2100000000000004,1.0900000000000003,1.02,0.12,0.07,2.05,1.0,18.0
4532538,2,1,0.97,0.97,0.97,0.89,0.0,0.33,1.21,0.0,12.0,1.09,1.09,1.09,1.0,0.0,0.09,0.42,0.0,8.0
4532539,1,2,1.3800000000000003,1.3800000000000003,1.16,1.11,0.22,0.09,0.8,0.0,12.0,0.83,0.83,0.27,0.22,0.5599999999999999,0.82,0.42,0.0,7.0
4532540,0,1,2.12,2.12,2.12,1.5,0.0,0.06,1.82,0.0,21.0,1.4,1.4,1.36,1.27,0.04,0.81,1.11,0.0,10.0
4532541,0,0,0.53,0.53,0.43,0.37,0.0999999999999999,0.53,0.06,0.0,10.0,1.3100000000000005,1.3100000000000005,1.2100000000000002,0.99,0.1,1.3100000000000005,0.26,0.0,17.0
4532542,2,0,1.6700000000000004,1.6700000000000004,1.5900000000000003,1.3300000000000003,0.08,0.33,0.9,0.0,17.0,0.2299999999999999,0.2299999999999999,0.2299999999999999,0.21,0.0,0.1699999999999999,0.26,0.0,5.0
4532543,1,3,2.14,2.14,1.7600000000000002,1.7600000000000002,0.38,0.0,1.31,0.0,19.0,0.6900000000000001,0.6900000000000001,0.3299999999999999,0.24,0.36,0.4,1.11,0.0,7.0
4598133,1,1,1.17,0.38,0.38,0.14,0.0,0.33,0.94,1.0,7.0,1.7800000000000007,1.7800000000000007,1.2900000000000005,1.0800000000000003,0.4899999999999999,1.6500000000000006,2.74,0.0,33.0
4598134,0,1,0.52,0.52,0.52,0.27,0.0,0.52,0.28,0.0,3.0,1.9100000000000008,1.9100000000000008,1.9100000000000008,1.6100000000000003,0.0,1.8000000000000007,1.59,0.0,22.0
4598135,1,4,2.46,1.6700000000000004,1.34,1.2500000000000002,0.33,0.02,2.0900000000000003,1.0,27.0,2.33,1.5399999999999998,1.5199999999999998,0.7,0.02,0.24,3.56,1.0,11.0
4598136,2,0,2.46,1.6700000000000002,1.4600000000000002,0.99,0.21,0.38,0.99,1.0,13.0,0.8300000000000001,0.8300000000000001,0.33,0.3,0.5,0.0,0.33,0.0,15.0
4598689,0,0,1.8000000000000005,1.8000000000000005,1.6900000000000002,1.2700000000000002,0.11,1.8000000000000005,0.98,0.0,22.0,0.17,0.17,0.17,0.02,0.0,0.17,0.0,0.0,4.0
4598690,1,1,0.6300000000000001,0.6300000000000001,0.42,0.42,0.21,0.42,0.27,0.0,11.0,1.8000000000000005,1.01,0.76,0.5800000000000001,0.25,0.69,1.53,1.0,14.0
4598691,1,3,0.27,0.27,0.25,0.25,0.02,0.1699999999999999,0.12,0.0,5.0,1.5000000000000002,1.5000000000000002,1.4300000000000002,1.0100000000000002,0.07,0.6300000000000001,2.4800000000000004,0.0,16.0
4610150,1,1,0.7500000000000001,0.7500000000000001,0.67,0.4700000000000001,0.08,0.52,1.16,0.0,9.0,1.33,1.33,1.25,0.53,0.08,0.15,1.19,0.0,12.0
4610151,7,0,4.989999999999998,4.200000000000001,4.0200000000000005,2.49,0.18,0.79,4.48,1.0,35.0,0.0,0.0,0.0,0.0,0.0,0.0,0.0,0.0,0.0
4610152,1,3,1.2200000000000002,1.2200000000000002,1.2200000000000002,1.04,0.0,0.72,0.38,0.0,16.0,0.49,0.49,0.49,0.44,0.0,0.19,0.6500000000000001,0.0,10.0
4610153,2,2,1.35,1.35,1.3,1.3,0.05,1.15,0.8300000000000001,0.0,16.0,1.0200000000000002,0.23,0.19,0.17,0.04,0.15,1.6900000000000002,1.0,7.0
4610154,3,1,1.1700000000000002,1.1700000000000002,1.1700000000000002,1.1,0.0,0.4000000000000001,2.29,0.0,11.0,1.08,1.08,0.89,0.81,0.19,0.27,0.7,0.0,16.0
4610155,3,1,2.33,2.33,2.32,1.6600000000000004,0.01,0.16,2.33,0.0,16.0,0.77,0.77,0.77,0.5900000000000001,0.0,0.33,0.81,0.0,9.0
4610156,0,0,0.98,0.98,0.9,0.73,0.08,0.98,1.15,0.0,12.0,1.0,1.0,1.0,0.78,0.0,1.0,0.33,0.0,13.0
4610157,1,0,1.0100000000000002,1.0100000000000002,0.8300000000000001,0.8300000000000001,0.18,1.0100000000000002,0.51,0.0,14.0,0.29,0.29,0.21,0.21,0.08,0.29,0.61,0.0,5.0
4610158,0,2,0.8600000000000002,0.8600000000000002,0.8100000000000002,0.8100000000000002,0.05,0.53,0.0,0.0,12.0,0.45,0.45,0.45,0.42,0.0,0.05,1.03,0.0,7.0
4610159,3,1,1.5900000000000003,1.5900000000000003,1.2300000000000002,1.09,0.36,0.74,1.6800000000000002,0.0,15.0,2.1899999999999995,1.4000000000000004,1.3800000000000003,0.6300000000000001,0.02,1.11,1.75,1.0,16.0
4610160,1,1,0.6699999999999999,0.6699999999999999,0.6299999999999999,0.44,0.04,0.51,0.95,0.0,8.0,0.15,0.15,0.15,0.15,0.0,0.15,0.58,0.0,4.0
4610161,1,2,1.02,0.23,0.22,0.22,0.01,0.18,0.94,1.0,5.0,2.02,2.02,1.83,1.4,0.19,0.96,1.64,0.0,23.0
4610162,1,0,0.7000000000000001,0.7000000000000001,0.62,0.61,0.0799999999999999,0.48,1.0,0.0,14.0,1.3,0.51,0.42,0.41,0.09,0.23,1.21,1.0,13.0
4610163,3,0,1.29,1.29,1.26,1.04,0.03,0.26,1.76,0.0,15.0,0.8400000000000002,0.8400000000000002,0.7600000000000001,0.7600000000000001,0.08,0.12,0.46,0.0,12.0
4610164,0,4,1.1900000000000002,1.1900000000000002,1.15,1.14,0.04,0.0,0.32,0.0,10.0,2.11,2.11,2.11,1.09,0.0,0.5900000000000001,2.58,0.0,11.0
4610165,2,2,2.0700000000000003,1.28,0.29,0.22,0.99,0.2299999999999999,1.66,1.0,13.0,1.2800000000000002,1.2800000000000002,1.2800000000000002,0.8500000000000001,0.0,1.2400000000000002,1.1800000000000002,0.0,15.0
4610166,2,4,1.2300000000000002,0.44,0.44,0.44,0.0,0.18,1.04,1.0,6.0,3.43,3.43,3.36,3.15,0.07,1.1700000000000002,4.03,0.0,27.0
4610167,3,0,1.33,1.33,1.29,1.1700000000000002,0.04,0.41,1.53,0.0,13.0,0.45,0.45,0.45,0.42,0.0,0.0,0.05,0.0,10.0
4610168,0,3,0.19,0.19,0.19,0.19,0.0,0.02,0.0699999999999999,0.0,5.0,2.0900000000000003,2.0900000000000003,2.0900000000000003,1.13,0.0,1.21,2.72,0.0,15.0
4610169,0,1,0.7700000000000001,0.7700000000000001,0.52,0.47,0.25,0.3,0.31,0.0,12.0,0.9900000000000002,0.9900000000000002,0.9300000000000002,0.6100000000000001,0.06,0.11,0.27,0.0,13.0
4610170,0,1,0.7300000000000002,0.7300000000000002,0.7300000000000002,0.7200000000000002,0.0,0.17,0.1,0.0,14.0,1.2000000000000002,1.2000000000000002,1.2000000000000002,1.2000000000000002,0.0,1.08,1.03,0.0,9.0
4610171,1,0,1.3300000000000003,1.3300000000000003,1.2600000000000002,0.9300000000000002,0.07,1.3300000000000003,1.54,0.0,15.0,0.6400000000000001,0.6400000000000001,0.6100000000000001,0.5400000000000001,0.03,0.51,0.2299999999999999,0.0,13.0
4610172,1,2,2.97,2.18,2.18,1.7800000000000005,0.0,0.85,2.9600000000000004,1.0,23.0,0.6599999999999999,0.6599999999999999,0.6599999999999999,0.6599999999999999,0.0,0.41,0.64,0.0,7.0
4610173,2,3,1.8600000000000003,1.0700000000000005,1.0500000000000005,0.9000000000000001,0.02,0.8200000000000001,1.93,1.0,15.0,0.64,0.64,0.64,0.51,0.0,0.24,0.95,0.0,8.0
4610174,1,0,0.98,0.98,0.96,0.96,0.02,0.98,1.04,0.0,2.0,0.6400000000000001,0.6400000000000001,0.56,0.35,0.08,0.26,0.31,0.0,11.0
4610175,0,2,0.74,0.74,0.6099999999999999,0.58,0.13,0.03,0.01,0.0,14.0,0.7300000000000001,0.7300000000000001,0.7200000000000001,0.5700000000000001,0.01,0.17,1.1,0.0,7.0
4610176,1,1,0.97,0.97,0.95,0.94,0.02,0.97,0.72,0.0,14.0,1.13,1.13,1.01,1.01,0.12,1.1,0.36,0.0,9.0
4610177,2,2,1.28,1.28,0.6200000000000001,0.3299999999999999,0.66,0.0999999999999999,1.51,0.0,13.0,3.1299999999999994,3.1299999999999994,3.05,2.68,0.08,1.0,3.48,0.0,23.0
4610178,1,0,1.7800000000000002,0.99,0.79,0.77,0.2,0.0,1.29,1.0,14.0,0.63,0.63,0.6,0.56,0.03,0.04,0.04,0.0,6.0
4610179,1,3,0.82,0.82,0.82,0.82,0.0,0.5,0.29,0.0,6.0,1.0,1.0,1.0,0.98,0.0,0.8200000000000001,2.01,0.0,13.0
4610180,4,2,1.4500000000000002,1.4500000000000002,1.32,1.32,0.13,0.15,3.21,0.0,15.0,0.36,0.36,0.36,0.35,0.0,0.0,1.44,0.0,6.0
4610181,2,3,1.05,1.05,0.81,0.4999999999999999,0.24,0.4899999999999999,0.8799999999999999,0.0,10.0,1.8300000000000003,1.8300000000000003,1.6300000000000003,1.5100000000000002,0.2,1.63,1.6800000000000002,0.0,16.0
4610182,2,0,1.3200000000000005,1.3200000000000005,1.3200000000000005,1.2600000000000002,0.0,0.9,1.34,0.0,10.0,0.53,0.53,0.53,0.38,0.0,0.11,0.1,0.0,12.0
4610183,2,0,1.8500000000000003,1.8500000000000003,1.81,0.95,0.04,1.5100000000000005,1.4700000000000002,0.0,26.0,0.6400000000000001,0.6400000000000001,0.5700000000000001,0.41,0.07,0.5800000000000001,0.14,0.0,12.0
4610184,0,3,2.0900000000000003,1.3000000000000005,1.2300000000000004,0.7800000000000001,0.07,0.26,1.59,1.0,18.0,1.3500000000000003,0.56,0.53,0.2299999999999999,0.03,0.0,1.3400000000000003,1.0,8.0
4645135,0,1,0.6300000000000001,0.6300000000000001,0.53,0.53,0.1,0.03,0.05,0.0,9.0,0.54,0.54,0.54,0.54,0.0,0.12,0.16,0.0,8.0
4645136,0,1,1.3600000000000003,1.3600000000000003,1.0300000000000002,1.0000000000000002,0.3299999999999999,0.14,1.01,0.0,23.0,0.78,0.78,0.78,0.27,0.0,0.65,0.69,0.0,12.0
4645137,0,2,0.5900000000000001,0.5900000000000001,0.5900000000000001,0.4399999999999999,0.0,0.22,0.53,0.0,11.0,2.1,1.31,1.29,0.35,0.02,0.64,1.66,1.0,12.0
4645138,0,2,1.1,1.1,0.96,0.79,0.14,1.0,1.04,0.0,13.0,4.569999999999999,3.78,3.72,3.6100000000000008,0.06,3.1,2.4200000000000004,1.0,22.0
4645139,1,1,0.72,0.72,0.63,0.61,0.09,0.48,0.8400000000000001,0.0,15.0,1.11,1.11,0.88,0.88,0.2299999999999999,0.47,1.16,0.0,12.0
4645140,1,0,1.95,1.95,1.84,1.6500000000000004,0.11,1.3800000000000003,1.54,0.0,23.0,0.7200000000000001,0.7200000000000001,0.52,0.44,0.2,0.7200000000000001,0.1699999999999999,0.0,8.0
4645141,1,3,0.7,0.7,0.55,0.32,0.15,0.29,0.85,0.0,10.0,2.26,2.26,1.9700000000000009,1.9700000000000009,0.29,0.4700000000000001,0.77,0.0,20.0
4650099,1,1,0.7100000000000001,0.7100000000000001,0.7100000000000001,0.7100000000000001,0.0,0.7100000000000001,0.89,0.0,11.0,2.37,2.37,1.97,1.34,0.3999999999999999,1.8200000000000005,1.58,0.0,15.0
4650100,0,1,0.81,0.81,0.7000000000000001,0.67,0.11,0.79,0.8500000000000001,0.0,16.0,0.8300000000000001,0.8300000000000001,0.8,0.8,0.03,0.8300000000000001,0.56,0.0,8.0
4650101,2,3,1.9,0.32,0.12,0.12,0.2,0.06,1.72,2.0,9.0,0.7000000000000001,0.7000000000000001,0.66,0.65,0.04,0.58,1.05,0.0,13.0
4650102,1,1,0.54,0.54,0.43,0.25,0.11,0.4600000000000001,0.12,0.0,8.0,2.0500000000000003,2.0500000000000003,1.97,1.33,0.08,1.81,1.0,0.0,22.0
4650103,5,0,2.02,1.23,1.16,1.0,0.07,0.27,3.64,1.0,14.0,0.94,0.94,0.87,0.87,0.07,0.05,0.27,0.0,11.0
4650104,1,1,0.45,0.45,0.41,0.39,0.04,0.4,1.02,0.0,10.0,1.7200000000000002,1.7200000000000002,1.05,1.05,0.6699999999999999,0.83,2.33,0.0,16.0
4650105,2,0,0.83,0.83,0.81,0.81,0.02,0.47,1.39,0.0,10.0,0.93,0.93,0.49,0.4000000000000001,0.44,0.8200000000000001,0.39,0.0,11.0
4650106,2,3,0.49,0.49,0.23,0.23,0.26,0.23,1.1800000000000002,0.0,4.0,2.47,1.6800000000000002,1.6800000000000002,1.67,0.0,1.33,2.35,1.0,19.0
4650107,1,0,1.5100000000000002,1.5100000000000002,1.2000000000000002,1.09,0.31,0.46,0.6200000000000001,0.0,17.0,0.9400000000000004,0.9400000000000004,0.9400000000000004,0.6900000000000002,0.0,0.0,0.15,0.0,13.0
4650108,2,2,2.28,1.49,1.49,1.49,0.0,1.25,2.1100000000000003,1.0,9.0,1.1800000000000004,1.1800000000000004,0.8400000000000002,0.5599999999999999,0.34,0.45,1.29,0.0,11.0
4650109,2,1,1.84,1.05,0.8300000000000001,0.51,0.22,0.9300000000000002,1.56,1.0,17.0,0.6100000000000001,0.6100000000000001,0.6100000000000001,0.5100000000000001,0.0,0.41,0.79,0.0,12.0
4650110,3,2,1.4800000000000002,1.4800000000000002,1.39,1.2900000000000005,0.09,1.08,1.07,0.0,18.0,1.7100000000000002,0.9200000000000002,0.7100000000000002,0.6900000000000002,0.21,0.27,1.12,1.0,16.0
4650111,0,5,0.35,0.35,0.35,0.21,0.0,0.0,0.0,0.0,3.0,3.5400000000000005,2.750000000000001,2.520000000000001,2.520000000000001,0.2299999999999999,0.73,4.930000000000001,1.0,23.0
4650112,1,1,1.1,1.1,0.8499999999999999,0.6200000000000001,0.25,0.49,2.43,0.0,13.0,1.93,1.93,1.8900000000000003,0.81,0.04,1.86,1.42,0.0,14.0
4650113,1,2,1.4300000000000002,0.6400000000000001,0.55,0.37,0.09,0.36,1.52,1.0,14.0,0.7400000000000001,0.7400000000000001,0.7400000000000001,0.7000000000000001,0.0,0.51,1.5299999999999998,0.0,9.0
4650114,3,5,0.81,0.81,0.77,0.73,0.04,0.15,1.01,0.0,13.0,0.77,0.77,0.76,0.7100000000000001,0.01,0.07,1.93,0.0,14.0
4650115,2,1,2.2400000000000007,2.2400000000000007,2.2400000000000007,2.140000000000001,0.0,1.2599999999999998,2.03,0.0,25.0,0.37,0.37,0.26,0.24,0.11,0.26,0.3,0.0,8.0
4650116,1,3,0.3,0.3,0.3,0.3,0.0,0.07,0.15,0.0,8.0,2.3000000000000003,2.3000000000000003,2.1300000000000003,1.38,0.17,1.2,2.68,0.0,28.0
4650117,1,1,1.5000000000000002,0.71,0.4700000000000001,0.4700000000000001,0.24,0.4600000000000001,0.93,1.0,15.0,1.75,0.96,0.89,0.89,0.07,0.25,1.47,1.0,9.0
4650118,2,1,1.1,1.1,1.05,0.8399999999999999,0.05,0.28,0.8,0.0,11.0,2.72,2.72,2.56,2.29,0.16,0.22,1.1,0.0,22.0
4650119,0,1,0.41,0.41,0.41,0.41,0.0,0.41,0.69,0.0,8.0,1.5300000000000005,1.5300000000000005,1.5000000000000002,1.1900000000000004,0.03,1.4900000000000004,1.26,0.0,20.0
4650120,2,3,2.39,0.81,0.78,0.71,0.03,0.0,2.59,2.0,8.0,2.3000000000000007,0.7200000000000001,0.3499999999999999,0.17,0.37,0.19,2.31,2.0,16.0
4650121,2,2,1.1700000000000004,1.1700000000000004,1.0,0.8600000000000001,0.17,0.8200000000000002,1.61,0.0,21.0,0.73,0.73,0.73,0.73,0.0,0.52,0.8200000000000001,0.0,3.0
4650122,1,1,1.15,1.15,1.06,0.92,0.09,0.76,1.23,0.0,13.0,0.95,0.95,0.8600000000000001,0.7000000000000001,0.09,0.67,1.01,0.0,9.0
4650123,1,4,0.5,0.5,0.37,0.37,0.13,0.01,0.36,0.0,8.0,2.3800000000000003,1.5900000000000003,1.2300000000000002,1.15,0.36,1.0200000000000002,3.1,1.0,15.0
4650187,1,1,0.57,0.57,0.57,0.57,0.0,0.57,0.54,0.0,6.0,0.13,0.13,0.13,0.13,0.0,0.13,0.0,0.0,3.0
4650188,2,0,0.88,0.88,0.88,0.37,0.0,0.08,1.61,0.0,7.0,2.8000000000000003,2.8000000000000003,2.6300000000000003,1.9200000000000004,0.1699999999999999,0.52,1.15,0.0,32.0
4650189,4,1,0.56,0.56,0.48,0.4599999999999999,0.08,0.1399999999999999,0.94,0.0,9.0,0.7200000000000001,0.7200000000000001,0.64,0.23,0.08,0.02,0.42,0.0,11.0
4670665,0,5,0.04,0.04,0.04,0.04,0.0,0.04,0.04,0.0,3.0,1.7500000000000002,1.7500000000000002,1.5200000000000002,0.81,0.23,1.02,1.96,0.0,23.0
4670666,3,0,1.4700000000000002,1.4700000000000002,1.25,1.25,0.22,0.54,1.94,0.0,18.0,0.8900000000000001,0.8900000000000001,0.73,0.73,0.16,0.03,0.62,0.0,13.0
4670667,2,2,1.2300000000000002,0.4400000000000001,0.4400000000000001,0.4200000000000001,0.0,0.18,1.5000000000000002,1.0,9.0,2.76,1.97,1.01,0.49,0.96,0.0,3.47,1.0,14.0
4670668,3,1,0.89,0.89,0.89,0.89,0.0,0.14,0.78,0.0,8.0,0.6400000000000001,0.6400000000000001,0.6100000000000001,0.4600000000000001,0.03,0.09,1.24,0.0,14.0
4670669,0,1,0.8700000000000001,0.8700000000000001,0.79,0.77,0.08,0.4,0.51,0.0,14.0,1.77,0.98,0.8500000000000002,0.8300000000000002,0.13,0.76,0.38,1.0,16.0
4670670,1,1,0.16,0.16,0.16,0.14,0.0,0.03,0.73,0.0,4.0,1.03,1.03,1.01,0.99,0.02,0.66,0.99,0.0,10.0
4670671,2,1,1.5099999999999998,1.5099999999999998,1.41,1.3199999999999998,0.1,0.16,1.19,0.0,23.0,0.5500000000000002,0.5500000000000002,0.52,0.47,0.03,0.36,0.87,0.0,13.0
4670672,5,1,2.6,2.6,2.6,1.87,0.0,1.0,3.96,0.0,20.0,0.3,0.3,0.2,0.03,0.1,0.0,0.49,0.0,5.0
4670673,1,2,0.33,0.33,0.26,0.14,0.07,0.03,0.8200000000000001,0.0,11.0,2.870000000000001,2.870000000000001,2.740000000000001,1.75,0.13,1.5400000000000005,3.18,0.0,15.0
4670674,0,0,0.41,0.41,0.37,0.37,0.04,0.41,0.0,0.0,7.0,0.91,0.91,0.59,0.37,0.32,0.91,0.07,0.0,11.0
4670675,1,2,0.5800000000000001,0.5800000000000001,0.55,0.55,0.03,0.0,1.02,0.0,7.0,1.9,1.11,1.11,1.11,0.0,0.0699999999999999,2.27,1.0,11.0
4670676,1,0,0.93,0.93,0.93,0.7100000000000001,0.0,0.2,0.77,0.0,10.0,0.7700000000000001,0.7700000000000001,0.66,0.44,0.11,0.07,0.64,0.0,14.0
4670677,1,0,0.76,0.76,0.47,0.47,0.29,0.73,1.8,0.0,7.0,1.5000000000000002,1.5000000000000002,1.4300000000000002,1.4300000000000002,0.07,0.0,0.32,0.0,15.0
4670678,2,0,0.4299999999999999,0.4299999999999999,0.3399999999999999,0.3399999999999999,0.09,0.12,1.23,0.0,5.0,0.9200000000000004,0.9200000000000004,0.5300000000000001,0.5300000000000001,0.39,0.0,1.2399999999999998,0.0,17.0
4689695,2,2,1.7400000000000002,1.7400000000000002,1.6300000000000003,1.2600000000000002,0.11,0.64,1.0,0.0,23.0,0.79,0.79,0.79,0.79,0.0,0.21,1.15,0.0,8.0
4689696,2,2,1.44,1.44,1.41,1.13,0.03,0.8800000000000001,0.8500000000000001,0.0,21.0,1.74,1.74,1.71,0.7999999999999999,0.03,1.68,2.64,0.0,8.0
4689697,2,1,1.34,1.34,1.03,1.03,0.31,0.51,1.2999999999999998,0.0,15.0,1.11,0.32,0.23,0.17,0.09,0.08,0.85,1.0,8.0
4689698,1,0,0.32,0.32,0.32,0.3,0.0,0.09,0.15,0.0,7.0,1.08,1.08,0.7100000000000001,0.65,0.37,0.68,0.12,0.0,16.0
4689699,2,0,2.16,2.16,2.11,2.11,0.05,0.34,1.5300000000000002,0.0,11.0,0.31,0.31,0.23,0.23,0.08,0.0,0.0,0.0,6.0
4689700,2,1,0.9600000000000002,0.9600000000000002,0.81,0.6600000000000001,0.15,0.42,0.6900000000000001,0.0,11.0,0.6200000000000001,0.6200000000000001,0.6100000000000001,0.53,0.01,0.22,0.05,0.0,11.0
4689701,2,1,0.81,0.81,0.71,0.6100000000000001,0.0999999999999999,0.23,1.39,0.0,7.0,1.06,1.06,0.91,0.66,0.15,0.5900000000000001,1.29,0.0,11.0
4695348,3,2,1.05,1.05,0.6900000000000001,0.5800000000000001,0.36,0.58,1.33,0.0,14.0,2.01,2.01,2.01,1.52,0.0,0.8199999999999998,3.1900000000000004,0.0,13.0
4695349,0,2,0.7200000000000002,0.7200000000000002,0.6200000000000001,0.6200000000000001,0.1,0.0,0.08,0.0,12.0,1.2400000000000002,0.45,0.4000000000000001,0.4000000000000001,0.05,0.08,1.0,1.0,10.0
4695350,4,2,3.71,2.9200000000000004,2.7100000000000004,2.4800000000000004,0.21,1.2200000000000002,4.51,1.0,28.0,1.3400000000000003,0.55,0.4600000000000001,0.43,0.09,0.08,1.91,1.0,11.0
4695351,3,3,2.34,2.34,2.14,1.84,0.2,0.8999999999999999,3.1100000000000003,0.0,19.0,1.4,1.4,1.4,1.4,0.0,1.13,1.6,0.0,7.0
4695352,0,1,0.76,0.76,0.67,0.64,0.09,0.3,0.18,0.0,5.0,0.3299999999999999,0.3299999999999999,0.17,0.17,0.16,0.3299999999999999,0.05,0.0,7.0
4695353,0,3,1.82,1.82,1.8100000000000005,1.7100000000000002,0.01,0.02,1.37,0.0,9.0,2.8400000000000003,2.8400000000000003,2.78,2.78,0.06,0.34,3.12,0.0,11.0
4695354,1,2,1.29,1.29,1.29,1.13,0.0,1.16,0.3299999999999999,0.0,12.0,1.65,1.65,1.37,1.37,0.28,1.09,1.62,0.0,14.0
4695355,1,3,1.1700000000000002,0.38,0.16,0.16,0.2199999999999999,0.13,1.04,1.0,12.0,1.6500000000000004,1.6500000000000004,1.5900000000000003,0.78,0.06,1.05,1.51,0.0,13.0
4695356,4,3,1.62,1.62,1.57,1.2,0.05,0.8999999999999999,2.08,0.0,14.0,0.97,0.97,0.97,0.6,0.0,0.6,1.98,0.0,9.0
4695357,0,1,0.6200000000000001,0.6200000000000001,0.21,0.21,0.41,0.41,0.07,0.0,7.0,0.87,0.87,0.87,0.64,0.0,0.78,0.52,0.0,8.0
4695358,3,2,2.31,2.31,2.18,2.01,0.13,2.31,1.5599999999999998,0.0,20.0,1.6000000000000003,1.6000000000000003,1.4700000000000004,1.4100000000000004,0.13,0.49,1.5,0.0,18.0
4695359,1,1,0.41,0.41,0.37,0.37,0.04,0.19,0.19,0.0,11.0,1.0300000000000002,1.0300000000000002,0.8800000000000001,0.57,0.15,0.6299999999999999,0.5900000000000001,0.0,15.0
4695360,1,1,0.8899999999999999,0.8899999999999999,0.8899999999999999,0.8899999999999999,0.0,0.31,1.07,0.0,6.0,0.31,0.31,0.2799999999999999,0.2199999999999999,0.03,0.2199999999999999,0.2799999999999999,0.0,9.0
4695361,2,2,2.08,1.29,1.14,1.11,0.15,0.78,2.75,1.0,21.0,0.6200000000000001,0.6200000000000001,0.6000000000000001,0.5700000000000001,0.02,0.26,0.98,0.0,13.0
4704442,2,2,0.6199999999999999,0.6199999999999999,0.6199999999999999,0.3999999999999999,0.0,0.2,1.37,0.0,7.0,0.6400000000000001,0.6400000000000001,0.51,0.51,0.13,0.21,0.27,0.0,12.0
4704443,2,1,1.8000000000000005,1.0100000000000002,0.75,0.64,0.26,0.71,1.7200000000000002,1.0,12.0,0.56,0.56,0.35,0.31,0.21,0.52,0.3999999999999999,0.0,12.0
4704444,0,5,0.15,0.15,0.15,0.13,0.0,0.0,0.27,0.0,9.0,0.95,0.95,0.95,0.8800000000000001,0.0,0.11,1.31,0.0,15.0
4704445,2,3,1.4400000000000002,0.6499999999999999,0.6499999999999999,0.59,0.0,0.34,1.37,1.0,11.0,2.5200000000000005,0.94,0.83,0.73,0.11,0.94,2.96,2.0,12.0
4704446,2,1,1.31,0.52,0.52,0.5,0.0,0.38,1.59,1.0,8.0,1.3200000000000005,1.3200000000000005,1.2400000000000004,1.2100000000000002,0.08,0.6300000000000001,0.33,0.0,21.0
4704447,0,0,0.45,0.45,0.25,0.25,0.1999999999999999,0.45,0.11,0.0,11.0,0.8,0.8,0.7,0.59,0.1,0.8,0.7000000000000001,0.0,11.0
4704448,1,1,0.9900000000000002,0.9900000000000002,0.9200000000000002,0.8200000000000001,0.07,0.9900000000000002,0.76,0.0,10.0,1.32,1.32,0.78,0.78,0.54,1.1,1.12,0.0,14.0
4709067,1,2,0.68,0.68,0.68,0.53,0.0,0.4599999999999999,0.15,0.0,10.0,1.5700000000000005,1.5700000000000005,1.5700000000000005,1.2400000000000002,0.0,0.8300000000000001,2.22,0.0,18.0
4709068,5,0,3.2,1.6200000000000006,1.6000000000000003,0.8,0.02,0.36,4.24,2.0,20.0,0.56,0.56,0.56,0.56,0.0,0.19,0.26,0.0,5.0
4709069,2,1,1.4800000000000002,0.6900000000000001,0.6900000000000001,0.65,0.0,0.31,1.15,1.0,11.0,0.8900000000000001,0.8900000000000001,0.6000000000000001,0.6000000000000001,0.29,0.29,1.04,0.0,14.0
4709070,2,2,0.7800000000000001,0.7800000000000001,0.7600000000000001,0.64,0.02,0.42,1.51,0.0,8.0,1.62,1.62,1.62,1.0299999999999998,0.0,0.8500000000000001,2.0400000000000005,0.0,12.0
4709071,1,1,1.2000000000000004,1.2000000000000004,1.1800000000000004,1.0500000000000005,0.02,0.8300000000000001,0.7000000000000001,0.0,14.0,1.4200000000000004,1.4200000000000004,1.3700000000000003,1.3400000000000003,0.05,0.22,1.9,0.0,19.0
4709072,0,0,0.3400000000000001,0.3400000000000001,0.26,0.26,0.08,0.3400000000000001,0.41,0.0,10.0,0.6399999999999999,0.6399999999999999,0.6399999999999999,0.4499999999999999,0.0,0.6399999999999999,0.2,0.0,7.0
4709073,0,2,0.33,0.33,0.06,0.05,0.27,0.1699999999999999,0.6000000000000001,0.0,8.0,1.8400000000000003,1.8400000000000003,1.4300000000000004,0.9600000000000002,0.41,1.34,1.3100000000000005,0.0,23.0
4713640,1,0,0.6200000000000001,0.6200000000000001,0.56,0.51,0.06,0.6200000000000001,0.6900000000000001,0.0,10.0,1.02,1.02,0.8,0.6,0.22,0.58,0.42,0.0,17.0
4713641,4,1,2.12,2.12,2.12,2.1,0.0,0.61,2.0,0.0,9.0,0.63,0.63,0.6,0.6,0.03,0.0,0.75,0.0,7.0
4713642,2,1,1.7000000000000002,1.7000000000000002,1.51,1.06,0.19,0.97,1.35,0.0,16.0,1.3999999999999997,1.3999999999999997,1.39,1.2899999999999998,0.01,1.0,1.4300000000000002,0.0,16.0
4713643,4,0,5.54,5.54,5.54,4.6,0.0,1.67,3.98,0.0,26.0,0.99,0.99,0.9300000000000002,0.9300000000000002,0.06,0.03,0.16,0.0,17.0
4713644,1,1,1.0499999999999998,1.0499999999999998,0.89,0.89,0.16,1.0499999999999998,0.99,0.0,15.0,1.6700000000000002,0.88,0.65,0.61,0.23,0.76,2.57,1.0,12.0
4713645,3,1,2.4000000000000004,1.6100000000000003,1.5299999999999998,1.5299999999999998,0.08,0.28,2.01,1.0,17.0,1.4800000000000004,1.4800000000000004,0.6000000000000001,0.45,0.88,0.16,1.12,0.0,19.0
4713646,2,2,1.82,1.82,1.82,1.64,0.0,0.9,0.6299999999999999,0.0,7.0,3.09,3.09,1.76,1.34,1.3299999999999998,0.03,2.08,0.0,20.0
4756581,2,2,1.65,0.8600000000000001,0.8200000000000001,0.8200000000000001,0.04,0.1,1.59,1.0,14.0,2.3599999999999994,1.5700000000000005,1.3800000000000003,1.3000000000000005,0.19,0.87,2.09,1.0,16.0
4756587,1,3,0.29,0.29,0.2,0.19,0.09,0.08,0.52,0.0,10.0,2.3600000000000003,2.3600000000000003,2.33,1.62,0.03,1.1,2.01,0.0,12.0
4756597,2,4,0.9,0.9,0.86,0.6000000000000001,0.04,0.28,0.97,0.0,9.0,3.73,2.9400000000000004,2.7900000000000005,2.3400000000000003,0.15,1.1100000000000003,4.05,1.0,30.0
4756604,0,2,0.5,0.5,0.5,0.39,0.0,0.25,0.0,0.0,7.0,2.49,2.49,2.3600000000000003,1.6500000000000004,0.13,1.5499999999999998,2.5600000000000005,0.0,23.0
4756612,2,3,0.7600000000000001,0.7600000000000001,0.5300000000000001,0.5200000000000001,0.2299999999999999,0.01,1.38,0.0,14.0,0.76,0.76,0.6699999999999999,0.3999999999999999,0.09,0.21,0.74,0.0,11.0
4756620,6,1,3.01,3.01,3.01,2.7900000000000005,0.0,1.9300000000000008,3.98,0.0,21.0,1.3200000000000005,1.3200000000000005,1.2500000000000002,1.1700000000000002,0.07,0.37,0.75,0.0,13.0
4756628,1,5,0.7400000000000001,0.7400000000000001,0.7400000000000001,0.6600000000000001,0.0,0.64,0.97,0.0,7.0,3.85,3.0600000000000005,2.83,2.76,0.2299999999999999,0.44,4.3500000000000005,1.0,27.0
4781131,2,1,2.5500000000000007,1.76,1.51,1.51,0.25,1.0800000000000003,2.45,1.0,23.0,0.5700000000000001,0.5700000000000001,0.5700000000000001,0.5700000000000001,0.0,0.34,0.68,0.0,7.0
4781132,0,3,0.5800000000000001,0.5800000000000001,0.5800000000000001,0.5800000000000001,0.0,0.0,0.45,0.0,4.0,2.48,2.48,2.48,2.43,0.0,0.91,2.67,0.0,20.0
4781133,2,1,3.65,3.65,3.58,2.31,0.07,3.5,1.89,0.0,22.0,1.07,1.07,1.07,1.07,0.0,0.8700000000000001,1.44,0.0,9.0
4781134,2,0,0.95,0.95,0.95,0.8400000000000001,0.0,0.4,1.26,0.0,8.0,0.9900000000000002,0.9900000000000002,0.9800000000000002,0.8800000000000001,0.01,0.42,0.51,0.0,12.0
4781135,3,0,1.33,1.33,1.23,1.23,0.1,0.62,1.7200000000000002,0.0,11.0,0.6400000000000001,0.6400000000000001,0.6000000000000001,0.6000000000000001,0.04,0.5700000000000001,0.03,0.0,7.0
4781136,0,1,1.4500000000000002,1.4500000000000002,1.41,1.39,0.04,0.66,0.72,0.0,19.0,0.6000000000000001,0.6000000000000001,0.56,0.51,0.04,0.6000000000000001,0.26,0.0,7.0
4781137,4,1,2.67,2.67,2.65,2.32,0.02,1.03,3.42,0.0,7.0,0.6900000000000001,0.6900000000000001,0.53,0.42,0.16,0.53,1.06,0.0,15.0
4781138,0,2,1.3400000000000003,1.3400000000000003,0.6000000000000001,0.5700000000000001,0.7400000000000001,0.2499999999999999,0.34,0.0,14.0,0.8299999999999998,0.8299999999999998,0.81,0.81,0.02,0.6499999999999999,0.8600000000000001,0.0,7.0
4781139,2,3,1.2800000000000002,1.2800000000000002,1.2400000000000002,0.7799999999999999,0.04,0.0,0.6900000000000001,0.0,17.0,1.65,0.8600000000000001,0.8600000000000001,0.71,0.0,0.0,2.08,1.0,9.0
4781140,2,0,2.0700000000000003,2.0700000000000003,2.0700000000000003,2.0700000000000003,0.0,1.14,0.52,0.0,23.0,0.08,0.08,0.08,0.05,0.0,0.04,0.0,0.0,5.0
4781141,2,0,2.04,2.04,1.6700000000000004,1.6700000000000004,0.37,1.73,1.88,0.0,20.0,1.09,0.3,0.3,0.27,0.0,0.05,0.74,1.0,6.0
4781142,1,0,1.27,0.48,0.44,0.27,0.04,0.0799999999999999,1.06,1.0,9.0,0.5100000000000001,0.5100000000000001,0.45,0.43,0.06,0.27,0.01,0.0,13.0
4781143,4,3,1.8500000000000003,1.8500000000000003,1.7000000000000002,1.25,0.15,1.29,2.0,0.0,13.0,1.1200000000000003,0.33,0.13,0.13,0.2,0.33,1.77,1.0,9.0
4781144,0,3,0.78,0.78,0.66,0.59,0.12,0.07,0.0,0.0,9.0,1.9,1.11,1.11,0.8599999999999999,0.0,0.08,2.64,1.0,14.0
4781130,0,2,1.29,1.29,1.1800000000000002,0.95,0.11,0.03,0.4,0.0,17.0,2.9899999999999998,2.9899999999999998,2.9299999999999997,1.99,0.06,0.96,2.77,0.0,18.0
4781129,5,2,3.5299999999999994,2.74,1.85,1.5100000000000002,0.8900000000000001,1.19,2.64,1.0,23.0,2.11,1.32,1.3,1.3,0.02,0.0,1.69,1.0,11.0
